nhom,tang,do_chac,de_xuat_giu,ly_do_nhom,cong_ty,tieu_de,job_id,level,tinh,trang_thai,ngay_tao,han_nop,luong_min,luong_max,nguon,so_url_nguon,nguoi_sua,ghi_chu,ung_tuyen,da_luu,lien_he
1,strict,cao,,"cùng tỉnh + cùng level (cùng content_hash); cùng nguồn: topcv.vn; 1 tin OPEN, còn lại đã đóng (dạng đăng lại)",CÔNG TY CỔ PHẦN CÔNG NGHỆ SICIX,Lead Data Engineer,6bb4c86d-18f3-4b6e-a94a-75bcad727ab9,Lead,Hà Nội,CLOSED,2026-08-26,2026-08-27,20000000,35000000,topcv.vn,1,,,0,0,0
1,strict,cao,,"cùng tỉnh + cùng level (cùng content_hash); cùng nguồn: topcv.vn; 1 tin OPEN, còn lại đã đóng (dạng đăng lại)",CÔNG TY CỔ PHẦN CÔNG NGHỆ SICIX,Lead Data Engineer,d3c8e308-39a1-4ac4-8e6c-1ad89154e9c0,Lead,Hà Nội,CLOSED,2026-09-08,2026-09-27,20000000,30000000,topcv.vn,1,,,0,0,0
1,strict,cao,x,"cùng tỉnh + cùng level (cùng content_hash); cùng nguồn: topcv.vn; 1 tin OPEN, còn lại đã đóng (dạng đăng lại)",CÔNG TY CỔ PHẦN CÔNG NGHỆ SICIX,Lead Data Engineer,6bf4e6a3-f566-49c4-92c5-6fc330738959,Lead,Hà Nội,OPEN,2026-09-30,2026-10-28,20000000,40000000,topcv.vn,1,,,0,0,0
2,strict,cao,,"cùng tỉnh + cùng level (cùng content_hash); cùng nguồn: vietnamworks.com; 1 tin OPEN, còn lại đã đóng (dạng đăng lại)",Công Ty TNHH Nexon Creative Studio VINA,3D Character Modeler,d3d34df7-22ea-4a18-a08a-71e9223246d0,Junior,Hồ Chí Minh,CLOSED,2026-08-26,2026-09-02,,,vietnamworks.com,1,,,0,0,0
2,strict,cao,,"cùng tỉnh + cùng level (cùng content_hash); cùng nguồn: vietnamworks.com; 1 tin OPEN, còn lại đã đóng (dạng đăng lại)",Công Ty TNHH Nexon Creative Studio VINA,3D Character Modeler,c80322a7-b634-42e0-9fb4-29aded5a7d1c,Junior,Hồ Chí Minh,CLOSED,2026-09-08,2026-09-30,,,vietnamworks.com,1,,,0,0,0
2,strict,cao,x,"cùng tỉnh + cùng level (cùng content_hash); cùng nguồn: vietnamworks.com; 1 tin OPEN, còn lại đã đóng (dạng đăng lại)",Công Ty TNHH Nexon Creative Studio VINA,3D Character Modeler,949fc812-3832-40a5-b95f-78152ef99cd7,Junior,Hồ Chí Minh,OPEN,2026-10-03,2026-10-31,,,vietnamworks.com,1,,,0,0,0
3,strict,cao,,cùng tỉnh + cùng level (cùng content_hash); cùng nguồn: vietnamworks.com; tất cả đã CLOSED,"AEONMALL Vietnam Co., Ltd.",Leasing Officer (Hanoi Head Office - 646),5321f9c0-4cdf-42e9-b249-0b62a0f27677,Junior,Hà Nội,CLOSED,2026-08-26,2026-08-27,350,550,vietnamworks.com,1,,,0,0,0
3,strict,cao,x,cùng tỉnh + cùng level (cùng content_hash); cùng nguồn: vietnamworks.com; tất cả đã CLOSED,"AEONMALL Vietnam Co., Ltd.",Leasing Officer (Hanoi Head Office - 646),34af62d3-eb3a-4007-a433-5497637a1a33,Junior,Hà Nội,CLOSED,2026-09-08,2026-10-01,350,600,vietnamworks.com,1,,,0,0,0
4,strict,cao,,"cùng tỉnh + cùng level (cùng content_hash); cùng nguồn: vietnamworks.com; 1 tin OPEN, còn lại đã đóng (dạng đăng lại)","AEONMALL Vietnam Co., Ltd.",Operation Officer (Ha Noi Head Office - 629),c4ec5ae9-58c7-4598-aa5d-b57b675e3477,Junior,Hà Nội,CLOSED,2026-08-26,2026-09-06,350,550,vietnamworks.com,1,,,0,0,0
4,strict,cao,x,"cùng tỉnh + cùng level (cùng content_hash); cùng nguồn: vietnamworks.com; 1 tin OPEN, còn lại đã đóng (dạng đăng lại)","AEONMALL Vietnam Co., Ltd.",Operation Officer (Ha Noi Head Office - 629),3650f93e-d197-456d-aab8-2a21077bcf00,Junior,Hà Nội,OPEN,2026-09-28,2026-10-11,350,550,vietnamworks.com,1,,,0,0,0
5,strict,cao,,"cùng tỉnh + cùng level (cùng content_hash); cùng nguồn: vietnamworks.com; 1 tin OPEN, còn lại đã đóng (dạng đăng lại)","AEONMALL Vietnam Co., Ltd.","Sales Officer (Tenant Management, Aeon Mall Ha Dong - 631)",296697f0-59c4-4d07-9d12-15f525efeb68,Junior,Hà Nội,CLOSED,2026-09-08,2026-09-25,350,550,vietnamworks.com,1,,,0,0,0
5,strict,cao,x,"cùng tỉnh + cùng level (cùng content_hash); cùng nguồn: vietnamworks.com; 1 tin OPEN, còn lại đã đóng (dạng đăng lại)","AEONMALL Vietnam Co., Ltd.","Sales Officer (Tenant Management, Aeon Mall Ha Dong - 631)",c4344f84-b5d5-40f9-ada8-1c1b7fb91e52,Junior,Hà Nội,OPEN,2026-10-03,2026-11-01,350,550,vietnamworks.com,1,,,0,0,0
6,strict,cao,,"cùng tỉnh + cùng level (cùng content_hash); cùng nguồn: careerviet.vn; 1 tin OPEN, còn lại đã đóng (dạng đăng lại)",BETRIMEX - Công Ty Cổ Phần Xuất Nhập Khẩu Bến Tre,Data analysis specialist (12 months contract),d16089f0-106d-4c85-ae9d-d0a65848fe64,Middle,Hồ Chí Minh,CLOSED,2026-09-20,2026-09-30,,,careerviet.vn,1,,,0,0,0
6,strict,cao,x,"cùng tỉnh + cùng level (cùng content_hash); cùng nguồn: careerviet.vn; 1 tin OPEN, còn lại đã đóng (dạng đăng lại)",BETRIMEX - Công Ty Cổ Phần Xuất Nhập Khẩu Bến Tre,Data analysis specialist (12 months contract),2ff68882-aa6d-42d5-b852-9c44cbe0e513,Middle,Hồ Chí Minh,OPEN,2026-10-03,2026-10-29,,,careerviet.vn,1,,,0,0,0
7,strict,cao,,"cùng tỉnh + cùng level (cùng content_hash); cùng nguồn: vietnamworks.com; 1 tin OPEN, còn lại đã đóng (dạng đăng lại)",CLO Virtual Fashion,User Success Manager - Junior Level/ Quản Lý Trải Nghiệm Người Dùng,1fb96902-d23b-41b2-b7e0-d83ae4308e4b,Manager,Hồ Chí Minh,CLOSED,2026-08-28,2026-09-15,,,vietnamworks.com,1,,,0,0,0
7,strict,cao,x,"cùng tỉnh + cùng level (cùng content_hash); cùng nguồn: vietnamworks.com; 1 tin OPEN, còn lại đã đóng (dạng đăng lại)",CLO Virtual Fashion,User Success Manager - Junior Level/ Quản Lý Trải Nghiệm Người Dùng,811393b4-cda5-4b33-9e4b-e938c6bbb087,Manager,Hồ Chí Minh,OPEN,2026-09-28,2026-10-21,,,vietnamworks.com,1,,,0,0,0
8,strict,cao,,"cùng tỉnh + cùng level (cùng content_hash); cùng nguồn: vietnamworks.com; 1 tin OPEN, còn lại đã đóng (dạng đăng lại)",Chi Nhánh Trung Tâm Công Nghệ Thông Tin Tập Đoàn Bảo Việt,Chuyên Viên Phân Tích Dữ Liệu (Data Analyst) - Mã Số: Qldv-02,fddd1e8f-5d6d-406c-bb4a-e76b5dc72703,Junior,Hà Nội,CLOSED,2026-09-08,2026-09-18,,,vietnamworks.com,1,,,0,0,0
8,strict,cao,x,"cùng tỉnh + cùng level (cùng content_hash); cùng nguồn: vietnamworks.com; 1 tin OPEN, còn lại đã đóng (dạng đăng lại)",Chi Nhánh Trung Tâm Công Nghệ Thông Tin Tập Đoàn Bảo Việt,Chuyên Viên Phân Tích Dữ Liệu (Data Analyst) - Mã Số: Qldv-02,d11b147f-fd6d-441f-9bfa-11a03ea18c27,Junior,Hà Nội,OPEN,2026-09-20,2026-10-18,,,vietnamworks.com,1,,,0,0,0
9,strict,cao,,"cùng tỉnh + cùng level (cùng content_hash); cùng nguồn: careerviet.vn; 1 tin OPEN, còn lại đã đóng (dạng đăng lại)",Concung.com - Con Cung Joint Stock Company,Senior Payable Accountant (Non-Trade),ddc8b3db-ed5c-40c6-ac56-0dca94d618db,Senior,Hồ Chí Minh,CLOSED,2026-09-08,2026-09-20,,,careerviet.vn,1,,,0,0,0
9,strict,cao,x,"cùng tỉnh + cùng level (cùng content_hash); cùng nguồn: careerviet.vn; 1 tin OPEN, còn lại đã đóng (dạng đăng lại)",Concung.com - Con Cung Joint Stock Company,Senior Payable Accountant (Non-Trade),141e8125-e1bb-4e6f-b224-b5a7182c7b4b,Senior,Hồ Chí Minh,OPEN,2026-09-28,2026-10-24,,,careerviet.vn,1,,,0,0,0
10,strict,cao,,"cùng tỉnh + cùng level (cùng content_hash); cùng nguồn: vietnamworks.com; 1 tin OPEN, còn lại đã đóng (dạng đăng lại)",Crossian Việt Nam,"Fulfillment Team Lead - Supply Chain Operations (Total Annual Compensation Up-To 50,000 USD)",a761f5ec-77db-47b6-9c3d-41db194bfdeb,Lead,Hà Nội,CLOSED,2026-08-26,2026-09-18,,,vietnamworks.com,1,,,0,0,0
10,strict,cao,x,"cùng tỉnh + cùng level (cùng content_hash); cùng nguồn: vietnamworks.com; 1 tin OPEN, còn lại đã đóng (dạng đăng lại)",Crossian Việt Nam,"Fulfillment Team Lead - Supply Chain Operations (Total Annual Compensation Up-To 50,000 USD)",5235cd20-a944-431d-bfcc-8e3df84f375d,Lead,Hà Nội,OPEN,2026-09-28,2026-10-24,,,vietnamworks.com,1,,,0,0,0
11,strict,cao,,"cùng tỉnh + cùng level (cùng content_hash); cùng nguồn: vietnamworks.com; 1 tin OPEN, còn lại đã đóng (dạng đăng lại)","CyberLogitec Vietnam Co., Ltd.",IT Solution Sales (Korean Speaking),f4c75ae4-3533-403b-8e86-5bd9c7d4924b,Junior,Hồ Chí Minh,CLOSED,2026-08-28,2026-09-10,,,vietnamworks.com,1,,,0,0,0
11,strict,cao,x,"cùng tỉnh + cùng level (cùng content_hash); cùng nguồn: vietnamworks.com; 1 tin OPEN, còn lại đã đóng (dạng đăng lại)","CyberLogitec Vietnam Co., Ltd.",IT Solution Sales (Korean Speaking),ab7a0e5a-ff75-4599-be86-a8bc531d6e87,Junior,Hồ Chí Minh,OPEN,2026-09-20,2026-10-10,,,vietnamworks.com,1,,,0,0,0
12,strict,cao,,"cùng tỉnh + cùng level (cùng content_hash); cùng nguồn: vietnamworks.com; 1 tin OPEN, còn lại đã đóng (dạng đăng lại)","CyberLogitec Vietnam Co., Ltd.",System Security Engineer (Senior),4b24e7a6-58a8-4b34-9769-ae6841243ef6,Senior,Hồ Chí Minh,CLOSED,2026-08-26,2026-09-05,,,vietnamworks.com,1,,,0,0,0
12,strict,cao,x,"cùng tỉnh + cùng level (cùng content_hash); cùng nguồn: vietnamworks.com; 1 tin OPEN, còn lại đã đóng (dạng đăng lại)","CyberLogitec Vietnam Co., Ltd.",System Security Engineer (Senior),3c0364b0-f9c3-48d5-9d17-1d8c3267bae4,Senior,Hồ Chí Minh,OPEN,2026-09-28,2026-10-10,,,vietnamworks.com,1,,,0,0,0
13,strict,cao,,"cùng tỉnh + cùng level (cùng content_hash); khác nguồn: careerviet.vn, topcv.vn; tất cả đã CLOSED",CÔNG TY CỔ PHẦN ALC PHÚ QUÝ,Chuyên Viên Phân Tích Dữ Liệu,a66f04ed-30b9-4bdf-9c14-2ead8408d303,Middle,Hà Nội,CLOSED,2026-09-08,2026-10-03,15000000,25000000,topcv.vn,1,,,0,0,0
13,strict,cao,x,"cùng tỉnh + cùng level (cùng content_hash); khác nguồn: careerviet.vn, topcv.vn; tất cả đã CLOSED",CÔNG TY CỔ PHẦN ALC PHÚ QUÝ,Chuyên Viên Phân Tích Dữ Liệu,bb016e4b-3cad-4050-a596-f6ee4592a9e8,Middle,Hà Nội,CLOSED,2026-09-08,2026-10-03,15000000,25000000,careerviet.vn,1,x,,0,0,0
14,strict,cao,,"cùng tỉnh + cùng level (cùng content_hash); cùng nguồn: topcv.vn; 1 tin OPEN, còn lại đã đóng (dạng đăng lại)",CÔNG TY CỔ PHẦN CÔNG NGHỆ ALPHAWAY,Android Developer (Leader),31e459e8-eb63-4327-a759-3b2bd8616f17,Lead,Hà Nội,CLOSED,2026-09-08,2026-09-11,24000000,32000000,topcv.vn,1,,,0,0,0
14,strict,cao,x,"cùng tỉnh + cùng level (cùng content_hash); cùng nguồn: topcv.vn; 1 tin OPEN, còn lại đã đóng (dạng đăng lại)",CÔNG TY CỔ PHẦN CÔNG NGHỆ ALPHAWAY,Android Developer (Leader),97a8b467-fbbb-4bc4-bd99-52acf21d6e26,Lead,Hà Nội,OPEN,2026-09-28,2026-10-22,20000000,29000000,topcv.vn,1,,,0,0,0
15,strict,cao,,"cùng tỉnh + cùng level (cùng content_hash); cùng nguồn: topcv.vn; 1 tin OPEN, còn lại đã đóng (dạng đăng lại)",CÔNG TY CỔ PHẦN CÔNG NGHỆ ALPHAWAY,Trưởng Nhóm Data,c14187a1-c2e2-4e93-abde-2facc3120d09,Lead,Hà Nội,CLOSED,2026-08-26,2026-09-06,20000000,34000000,topcv.vn,1,,,0,0,0
15,strict,cao,x,"cùng tỉnh + cùng level (cùng content_hash); cùng nguồn: topcv.vn; 1 tin OPEN, còn lại đã đóng (dạng đăng lại)",CÔNG TY CỔ PHẦN CÔNG NGHỆ ALPHAWAY,Trưởng Nhóm Data,df2ee224-a4e4-43b4-8ce3-6ce28472ead9,Lead,Hà Nội,OPEN,2026-09-08,2026-10-07,20000000,34000000,topcv.vn,1,,,0,0,0
16,strict,cao,,"cùng tỉnh + cùng level (cùng content_hash); cùng nguồn: topcv.vn; 1 tin OPEN, còn lại đã đóng (dạng đăng lại)",CÔNG TY CỔ PHẦN CÔNG NGHỆ SICIX,Lead Phân Tích Dữ Liệu (Data Analyst),4ee5d5ca-ed23-4ec1-a0f2-be21b0580232,Lead,Hà Nội,CLOSED,2026-08-26,2026-09-14,20000000,35000000,topcv.vn,1,,,0,0,0
16,strict,cao,x,"cùng tỉnh + cùng level (cùng content_hash); cùng nguồn: topcv.vn; 1 tin OPEN, còn lại đã đóng (dạng đăng lại)",CÔNG TY CỔ PHẦN CÔNG NGHỆ SICIX,Lead Phân Tích Dữ Liệu (Data Analyst),d30a92d1-9923-45ad-a2af-c5b6d0e4a3b6,Lead,Hà Nội,OPEN,2026-09-20,2026-10-14,20000000,35000000,topcv.vn,1,,,0,0,0
17,strict,cao,,"cùng tỉnh + cùng level (cùng content_hash); cùng nguồn: careerviet.vn; 1 tin OPEN, còn lại đã đóng (dạng đăng lại)",CÔNG TY CỔ PHẦN DƯỢC PHẨM FPT LONG CHÂU,Data Engineer,32c3c82d-eed1-4126-b015-aac4581a1735,Lead,Hồ Chí Minh,CLOSED,2026-08-26,2026-09-05,,,careerviet.vn,1,,,0,0,0
17,strict,cao,x,"cùng tỉnh + cùng level (cùng content_hash); cùng nguồn: careerviet.vn; 1 tin OPEN, còn lại đã đóng (dạng đăng lại)",CÔNG TY CỔ PHẦN DƯỢC PHẨM FPT LONG CHÂU,Data Engineer,6613ed9f-531b-4ad5-8d47-2b502422dd6d,Lead,Hồ Chí Minh,OPEN,2026-09-28,2026-10-31,,,careerviet.vn,1,,,0,0,0
18,strict,cao,,"cùng tỉnh + cùng level (cùng content_hash); cùng nguồn: careerviet.vn; 1 tin OPEN, còn lại đã đóng (dạng đăng lại)",CÔNG TY CỔ PHẦN DƯỢC PHẨM FPT LONG CHÂU,IT Business Analyst,23c71312-7b42-4069-8514-0098bf9c219a,Senior,Hồ Chí Minh,CLOSED,2026-08-26,2026-09-11,,,careerviet.vn,1,,,0,0,0
18,strict,cao,x,"cùng tỉnh + cùng level (cùng content_hash); cùng nguồn: careerviet.vn; 1 tin OPEN, còn lại đã đóng (dạng đăng lại)",CÔNG TY CỔ PHẦN DƯỢC PHẨM FPT LONG CHÂU,IT Business Analyst,de912844-9263-464d-8b99-6fa872b1ce7f,Senior,Hồ Chí Minh,OPEN,2026-09-28,2026-10-22,,,careerviet.vn,1,,,0,0,0
19,strict,cao,,"cùng tỉnh + cùng level (cùng content_hash); cùng nguồn: careerviet.vn; 1 tin OPEN, còn lại đã đóng (dạng đăng lại)",CÔNG TY CỔ PHẦN HỌC VIỆN MINH TRÍ THÀNH,Nhân viên Lập trình PHP,c88475fa-c26b-4425-9d5a-82c0a23223a5,Middle,Hà Nội,CLOSED,2026-09-20,2026-08-31,12000000,16000000,careerviet.vn,1,,,0,0,0
19,strict,cao,x,"cùng tỉnh + cùng level (cùng content_hash); cùng nguồn: careerviet.vn; 1 tin OPEN, còn lại đã đóng (dạng đăng lại)",CÔNG TY CỔ PHẦN HỌC VIỆN MINH TRÍ THÀNH,Nhân viên Lập trình PHP,ff30fe05-2887-4bb4-adf7-27a49589fd17,Middle,Hà Nội,OPEN,2026-09-28,2026-10-31,18000000,23000000,careerviet.vn,1,,,0,0,0
20,strict,cao,x,"cùng tỉnh + cùng level (cùng content_hash); cùng nguồn: careerviet.vn; 1 tin OPEN, còn lại đã đóng (dạng đăng lại)",CÔNG TY CỔ PHẦN KINH DOANH F88,Chuyên gia Vận hành - Triển khai nghiệp vụ,fdaf4371-7897-4b0e-8a30-f3ca2110642e,Senior,Hà Nội,CLOSED,2026-08-28,2026-09-30,,,careerviet.vn,1,,,0,1,0
20,strict,cao,,"cùng tỉnh + cùng level (cùng content_hash); cùng nguồn: careerviet.vn; 1 tin OPEN, còn lại đã đóng (dạng đăng lại)",CÔNG TY CỔ PHẦN KINH DOANH F88,Chuyên gia Vận hành - Triển khai nghiệp vụ,a9597682-baea-42b2-a3c4-0bd756678175,Senior,Hà Nội,OPEN,2026-10-03,2026-10-12,,,careerviet.vn,1,,,0,0,0
21,strict,cao,,cùng tỉnh + cùng level (cùng content_hash); cùng nguồn: careerviet.vn; tất cả đã CLOSED,CÔNG TY CỔ PHẦN MAISON RETAIL MANAGEMENT INTERNATIONAL,HCM - Commercial Finance Analyst,cd558579-feb3-4236-8db0-4ded0826515a,Middle,Hồ Chí Minh,CLOSED,2026-08-26,2026-08-31,23000000,25000000,careerviet.vn,1,,,0,0,0
21,strict,cao,x,cùng tỉnh + cùng level (cùng content_hash); cùng nguồn: careerviet.vn; tất cả đã CLOSED,CÔNG TY CỔ PHẦN MAISON RETAIL MANAGEMENT INTERNATIONAL,HCM - Commercial Finance Analyst,256fe23d-4c77-44f0-97ef-ba46d52bc50b,Middle,Hồ Chí Minh,CLOSED,2026-09-08,2026-10-03,20000000,23000000,careerviet.vn,1,,,0,0,0
22,strict,cao,,"cùng tỉnh + cùng level (cùng content_hash); cùng nguồn: vietnamworks.com; 1 tin OPEN, còn lại đã đóng (dạng đăng lại)",CÔNG TY CỔ PHẦN PHÂN PHỐI QUỐC TẾ GENEX,E-Commerce Manager,2b541f14-75b1-437e-a299-9bdaf1789515,Manager,Hà Nội,CLOSED,2026-08-30,2026-09-07,,,vietnamworks.com,1,,,0,0,0
22,strict,cao,x,"cùng tỉnh + cùng level (cùng content_hash); cùng nguồn: vietnamworks.com; 1 tin OPEN, còn lại đã đóng (dạng đăng lại)",CÔNG TY CỔ PHẦN PHÂN PHỐI QUỐC TẾ GENEX,E-Commerce Manager,d380fbf5-fbcb-40b5-bb71-513f949dd637,Manager,Hà Nội,OPEN,2026-09-08,2026-10-07,,,vietnamworks.com,1,,,0,0,0
23,strict,cao,,cùng tỉnh + cùng level (cùng content_hash); cùng nguồn: vietnamworks.com; tất cả đã CLOSED,CÔNG TY CỔ PHẦN TƯ VẤN CÔNG NGHỆ NGS,SAP Consultant,4c24ae5e-030d-4694-a6ce-d598416d8b91,Junior,Hà Nội,CLOSED,2026-08-28,2026-08-28,,2000,vietnamworks.com,1,,,0,0,0
23,strict,cao,x,cùng tỉnh + cùng level (cùng content_hash); cùng nguồn: vietnamworks.com; tất cả đã CLOSED,CÔNG TY CỔ PHẦN TƯ VẤN CÔNG NGHỆ NGS,SAP Consultant,ea310323-01ea-4a45-9b09-348bc23c123d,Junior,Hà Nội,CLOSED,2026-09-28,2026-10-02,,2000,vietnamworks.com,1,,,0,0,0
24,strict,cao,,"cùng tỉnh + cùng level (cùng content_hash); cùng nguồn: topcv.vn; 1 tin OPEN, còn lại đã đóng (dạng đăng lại)",CÔNG TY CỔ PHẦN WECARE GROUP,Business Development And Data Analysis Intern,eb9f0133-fc2b-4553-827b-a19161861a0a,Intern,Hồ Chí Minh,CLOSED,2026-08-26,2026-09-20,,,topcv.vn,1,,,0,0,0
24,strict,cao,x,"cùng tỉnh + cùng level (cùng content_hash); cùng nguồn: topcv.vn; 1 tin OPEN, còn lại đã đóng (dạng đăng lại)",CÔNG TY CỔ PHẦN WECARE GROUP,Business Development And Data Analysis Intern,991ca81a-7587-4dfa-ae97-969ae240ca53,Intern,Hồ Chí Minh,OPEN,2026-09-28,2026-10-24,2000000,3500000,topcv.vn,1,,,0,0,0
25,strict,cao,,"cùng tỉnh + cùng level (cùng content_hash); cùng nguồn: topcv.vn; 1 tin OPEN, còn lại đã đóng (dạng đăng lại)",CÔNG TY TNHH ADNS,Graphic Designer - UIUX Oriented (Fresher),dd217d97-3eb5-4587-b32c-8c4c1155a175,Fresher,Hồ Chí Minh,CLOSED,2026-09-01,2026-09-17,,,topcv.vn,1,,,0,0,0
25,strict,cao,x,"cùng tỉnh + cùng level (cùng content_hash); cùng nguồn: topcv.vn; 1 tin OPEN, còn lại đã đóng (dạng đăng lại)",CÔNG TY TNHH ADNS,Graphic Designer - UIUX Oriented (Fresher),6e0d1827-c4df-4835-b6aa-34ee07a9f2f8,Fresher,Hồ Chí Minh,OPEN,2026-09-28,2026-10-23,,12000000,topcv.vn,1,,,0,0,0
26,strict,cao,,"cùng tỉnh + cùng level (cùng content_hash); khác nguồn: topcv.vn, vietnamworks.com; 1 tin OPEN, còn lại đã đóng (dạng đăng lại)",CÔNG TY TNHH MEKTEC MANUFACTURING (VIỆT NAM),"Nhân Viên Kế Toán (Phân Tích Dữ Liệu Tài Chính) - Nghỉ Thứ Bảy Và Chủ Nhật, Có Xe Đưa Đón",120dd260-1892-470e-a512-c25a768baca6,Junior,Hà Nội,OPEN,2026-09-20,2026-10-18,,,topcv.vn,1,,,0,0,0
26,strict,cao,x,"cùng tỉnh + cùng level (cùng content_hash); khác nguồn: topcv.vn, vietnamworks.com; 1 tin OPEN, còn lại đã đóng (dạng đăng lại)",CÔNG TY TNHH MEKTEC MANUFACTURING (VIỆT NAM),"Nhân Viên Kế Toán (Phân Tích Dữ Liệu Tài Chính) - Nghỉ Thứ Bảy và Chủ Nhật, Có Xe Đưa Đón",9518c4ca-c85d-4820-bf58-3547d15ccc03,Junior,Hà Nội,CLOSED,2026-09-28,2026-10-18,350,650,vietnamworks.com,1,x,,0,0,0
27,strict,cao,,"cùng tỉnh + cùng level (cùng content_hash); cùng nguồn: careerviet.vn; 1 tin OPEN, còn lại đã đóng (dạng đăng lại)",CÔNG TY TNHH THỜI TRANG GB GIA BẢO - NHÃN HÀNG THỜI TRANG NAM ATINO,Data Analyst,085f3615-2de5-4903-a1be-d0a77aa94e5c,Middle,Hà Nội,CLOSED,2026-09-08,2026-09-21,12000000,16000000,careerviet.vn,1,,,0,0,0
27,strict,cao,x,"cùng tỉnh + cùng level (cùng content_hash); cùng nguồn: careerviet.vn; 1 tin OPEN, còn lại đã đóng (dạng đăng lại)",CÔNG TY TNHH THỜI TRANG GB GIA BẢO - NHÃN HÀNG THỜI TRANG NAM ATINO,Data Analyst,ce2f3fda-6f50-4302-8d34-c5d872f7b1cb,Middle,Hà Nội,OPEN,2026-09-30,2026-10-28,12000000,16000000,careerviet.vn,1,,,0,0,0
28,strict,cao,,"cùng tỉnh + cùng level (cùng content_hash); cùng nguồn: vietnamworks.com; 1 tin OPEN, còn lại đã đóng (dạng đăng lại)",CÔNG TY TNHH ĐẦU TƯ VÀ DỊCH VỤ CIRVAI,AI Content Creator – Short Video,91be9de8-1d18-44c3-b121-0092c6a93590,Junior,Hà Nội,CLOSED,2026-08-28,2026-09-28,7000000,12000000,vietnamworks.com,1,,,0,0,0
28,strict,cao,x,"cùng tỉnh + cùng level (cùng content_hash); cùng nguồn: vietnamworks.com; 1 tin OPEN, còn lại đã đóng (dạng đăng lại)",CÔNG TY TNHH ĐẦU TƯ VÀ DỊCH VỤ CIRVAI,AI Content Creator – Short Video,9bb951dc-8785-4a49-ad1c-e2e566547a7a,Junior,Hà Nội,OPEN,2026-10-03,2026-10-23,7000000,12000000,vietnamworks.com,1,,,0,0,0
29,strict,cao,,"cùng tỉnh + cùng level (cùng content_hash); cùng nguồn: careerviet.vn; 1 tin OPEN, còn lại đã đóng (dạng đăng lại)",CÔNG TY TÀI CHÍNH TRÁCH NHIỆM HỮU HẠN MỘT THÀNH VIÊN LOTTE VIỆT NAM,Chuyên viên Vận hành Cơ sở dữ liệu,38ac1fe6-6d69-4185-be3c-f6957f239a97,Junior,Hà Nội,CLOSED,2026-09-08,2026-09-27,,,careerviet.vn,1,,,0,0,0
29,strict,cao,x,"cùng tỉnh + cùng level (cùng content_hash); cùng nguồn: careerviet.vn; 1 tin OPEN, còn lại đã đóng (dạng đăng lại)",CÔNG TY TÀI CHÍNH TRÁCH NHIỆM HỮU HẠN MỘT THÀNH VIÊN LOTTE VIỆT NAM,Chuyên viên Vận hành Cơ sở dữ liệu,fd4826f2-1f9f-4af2-9ac5-63a238abac0e,Junior,Hà Nội,OPEN,2026-09-28,2026-10-14,,,careerviet.vn,1,,,0,0,0
30,strict,cao,,"cùng tỉnh + cùng level (cùng content_hash); cùng nguồn: vietnamworks.com; 1 tin OPEN, còn lại đã đóng (dạng đăng lại)",Công Ty CP Bệnh Viện Đa Khoa Quốc Tế Vinmec,Chuyên Viên Đào Tạo Lâm Sàng,3e8d134a-6b3f-4fcc-aff8-276e66f72fc2,Junior,Hà Nội,CLOSED,2026-09-08,2026-09-17,,,vietnamworks.com,1,,,0,0,0
30,strict,cao,x,"cùng tỉnh + cùng level (cùng content_hash); cùng nguồn: vietnamworks.com; 1 tin OPEN, còn lại đã đóng (dạng đăng lại)",Công Ty CP Bệnh Viện Đa Khoa Quốc Tế Vinmec,Chuyên Viên Đào Tạo Lâm Sàng,6fe835f2-316e-4b22-9cfb-496d2520f8e5,Junior,Hà Nội,OPEN,2026-09-28,2026-10-28,,,vietnamworks.com,1,,,0,0,0
31,strict,cao,,"cùng tỉnh + cùng level (cùng content_hash); cùng nguồn: vietnamworks.com; 1 tin OPEN, còn lại đã đóng (dạng đăng lại)",Công Ty CP Tập Đoàn Công Nghệ CMC,Trưởng Nhóm Quản Trị Rủi Ro,6456d6d3-05f4-4bf3-adc6-dcec5e42219e,Lead,Hà Nội,CLOSED,2026-09-08,2026-09-17,30000000,35000000,vietnamworks.com,1,,,0,0,0
31,strict,cao,x,"cùng tỉnh + cùng level (cùng content_hash); cùng nguồn: vietnamworks.com; 1 tin OPEN, còn lại đã đóng (dạng đăng lại)",Công Ty CP Tập Đoàn Công Nghệ CMC,Trưởng Nhóm Quản Trị Rủi Ro,db8736ae-7c83-4746-8b76-d8d5eb519c75,Lead,Hà Nội,OPEN,2026-09-20,2026-10-17,30000000,35000000,vietnamworks.com,1,,,0,0,0
32,strict,cao,,"cùng tỉnh + cùng level (cùng content_hash); cùng nguồn: vietnamworks.com; 1 tin OPEN, còn lại đã đóng (dạng đăng lại)",Công Ty Cổ Phần CyberLotus,Kỹ Sư DEVOPS (SYSADMIN/ DEVOPS),9c51868e-519b-43dc-b81a-77d5b86e7ad1,Junior,Hà Nội,CLOSED,2026-08-28,2026-09-27,25000000,30000000,vietnamworks.com,1,,,0,0,0
32,strict,cao,x,"cùng tỉnh + cùng level (cùng content_hash); cùng nguồn: vietnamworks.com; 1 tin OPEN, còn lại đã đóng (dạng đăng lại)",Công Ty Cổ Phần CyberLotus,Kỹ Sư DEVOPS (SYSADMIN/ DEVOPS),df1360f4-d5e1-42d3-ba5f-8e15a42abaf7,Junior,Hà Nội,OPEN,2026-10-03,2026-11-01,25000000,30000000,vietnamworks.com,1,,,0,0,0
33,strict,cao,,"cùng tỉnh + cùng level (cùng content_hash); cùng nguồn: vietnamworks.com; 1 tin OPEN, còn lại đã đóng (dạng đăng lại)",Công Ty Cổ Phần Icsp Việt Nam,C#.net Senior Developer (Also Open for Middle and Junior Dev),51f3c69b-b3f5-497e-8c9b-c561c613720f,Senior,Hà Nội,CLOSED,2026-08-26,2026-09-24,,50000000,vietnamworks.com,1,,,0,0,0
33,strict,cao,x,"cùng tỉnh + cùng level (cùng content_hash); cùng nguồn: vietnamworks.com; 1 tin OPEN, còn lại đã đóng (dạng đăng lại)",Công Ty Cổ Phần Icsp Việt Nam,C#.net Senior Developer (Also Open for Middle and Junior Dev),017e7a90-771f-4fb1-aa1c-69932cb59863,Senior,Hà Nội,OPEN,2026-09-30,2026-10-29,,50000000,vietnamworks.com,1,,,0,0,0
34,strict,cao,,"cùng tỉnh + cùng level (cùng content_hash); cùng nguồn: vietnamworks.com; 1 tin OPEN, còn lại đã đóng (dạng đăng lại)",Công Ty Cổ Phần Icsp Việt Nam,Senior Tester (QA) (Open for Middle and Junior),8f14412b-a7ad-4947-99b2-477ff02763e7,Senior,Hà Nội,CLOSED,2026-09-20,2026-09-29,,30000000,vietnamworks.com,1,,,0,0,0
34,strict,cao,x,"cùng tỉnh + cùng level (cùng content_hash); cùng nguồn: vietnamworks.com; 1 tin OPEN, còn lại đã đóng (dạng đăng lại)",Công Ty Cổ Phần Icsp Việt Nam,Senior Tester (QA) (Open for Middle and Junior),dc74c8bf-8a05-40f3-9e1d-4a243273e0f8,Senior,Hà Nội,OPEN,2026-10-03,2026-10-29,,30000000,vietnamworks.com,1,,,0,0,0
35,strict,cao,,"cùng tỉnh + cùng level (cùng content_hash); cùng nguồn: vietnamworks.com; 1 tin OPEN, còn lại đã đóng (dạng đăng lại)",Công Ty Cổ Phần Phân Phối Việt Nét,Sales Assistant,a3256f0b-9642-457e-b2a1-2c44286acdbc,Junior,Hà Nội,CLOSED,2026-09-30,2026-09-30,,,vietnamworks.com,1,,,0,0,0
35,strict,cao,x,"cùng tỉnh + cùng level (cùng content_hash); cùng nguồn: vietnamworks.com; 1 tin OPEN, còn lại đã đóng (dạng đăng lại)",Công Ty Cổ Phần Phân Phối Việt Nét,Sales Assistant,5e478471-fa38-407d-b249-e1d53256d769,Junior,Hà Nội,OPEN,2026-10-03,2026-10-22,,,vietnamworks.com,1,,,0,0,0
36,strict,cao,,"cùng tỉnh + cùng level (cùng content_hash); cùng nguồn: vietnamworks.com; 1 tin OPEN, còn lại đã đóng (dạng đăng lại)",Công Ty Cổ Phần Seadent,Trưởng Nhóm Phát Triển Kinh Doanh B2B - Kênh Thiết Bị Nha Khoa (BD Team Leader),ced6faa3-d08e-4c32-94b6-5734ba2979ee,Lead,Hà Nội,CLOSED,2026-09-08,2026-10-01,20000000,25000000,vietnamworks.com,1,,,0,0,0
36,strict,cao,x,"cùng tỉnh + cùng level (cùng content_hash); cùng nguồn: vietnamworks.com; 1 tin OPEN, còn lại đã đóng (dạng đăng lại)",Công Ty Cổ Phần Seadent,Trưởng Nhóm Phát Triển Kinh Doanh B2B - Kênh Thiết Bị Nha Khoa (BD Team Leader),dda65dfe-aa4f-47a5-a430-a8427997b719,Lead,Hà Nội,OPEN,2026-10-03,2026-10-30,20000000,28000000,vietnamworks.com,1,,,0,0,0
37,strict,cao,,"cùng tỉnh + cùng level (cùng content_hash); cùng nguồn: vietnamworks.com; 1 tin OPEN, còn lại đã đóng (dạng đăng lại)",Công Ty Cổ Phần Thanh Toán Quốc Gia Việt Nam,Chuyên Viên Phát Triển và Vận Hành Hệ Thống (Mã Cmt.cv2),3a2dae97-b8f8-4ca2-af2c-4ec9400e3b5b,Junior,Hà Nội,CLOSED,2026-08-28,2026-09-18,,,vietnamworks.com,1,,,0,0,0
37,strict,cao,x,"cùng tỉnh + cùng level (cùng content_hash); cùng nguồn: vietnamworks.com; 1 tin OPEN, còn lại đã đóng (dạng đăng lại)",Công Ty Cổ Phần Thanh Toán Quốc Gia Việt Nam,Chuyên Viên Phát Triển và Vận Hành Hệ Thống (Mã CMT.CV2),9dee0399-2424-4896-b6eb-3fba9a9d12a8,Junior,Hà Nội,OPEN,2026-09-20,2026-10-18,,,vietnamworks.com,1,,,0,0,0
38,strict,cao,,"cùng tỉnh + cùng level (cùng content_hash); cùng nguồn: careerviet.vn; 1 tin OPEN, còn lại đã đóng (dạng đăng lại)",Công Ty Cổ Phần Thuận Hải,DATA ANALYST INTERN,221f82f3-e9fb-4588-abbe-9c3695a1f2e0,Intern,Hồ Chí Minh,CLOSED,2026-09-08,2026-09-30,2000000,3000000,careerviet.vn,1,,,0,0,0
38,strict,cao,x,"cùng tỉnh + cùng level (cùng content_hash); cùng nguồn: careerviet.vn; 1 tin OPEN, còn lại đã đóng (dạng đăng lại)",Công Ty Cổ Phần Thuận Hải,DATA ANALYST INTERN,c06c342f-f931-4402-8599-113c31d6b62d,Intern,Hồ Chí Minh,OPEN,2026-10-03,2026-10-31,2000000,4000000,careerviet.vn,1,,,0,0,0
39,strict,cao,,"cùng tỉnh + cùng level (cùng content_hash); cùng nguồn: vietnamworks.com; 1 tin OPEN, còn lại đã đóng (dạng đăng lại)",Công Ty Cổ Phần Tập Đoàn ROX,Giám Đốc Mô Hình Rủi Ro (Digital Risk Modeling Director) - TNEX - 4B055,5a7be77f-6ba9-4029-b94e-3190899645d7,Manager,Hà Nội,CLOSED,2026-08-26,2026-08-30,3100,4000,vietnamworks.com,1,,,0,0,0
39,strict,cao,x,"cùng tỉnh + cùng level (cùng content_hash); cùng nguồn: vietnamworks.com; 1 tin OPEN, còn lại đã đóng (dạng đăng lại)",Công Ty Cổ Phần Tập Đoàn ROX,Giám Đốc Mô Hình Rủi Ro (Digital Risk Modeling Director) - TNEX - 4B055,dc588489-886d-4f3b-8ccd-ce584a61132d,Manager,Hà Nội,OPEN,2026-09-08,2026-10-08,3100,4000,vietnamworks.com,2,,,0,0,0
40,strict,cao,,"cùng tỉnh + cùng level (cùng content_hash); cùng nguồn: vietnamworks.com; 1 tin OPEN, còn lại đã đóng (dạng đăng lại)",Công Ty Cổ Phần Tập Đoàn ROX,ROX Global Leaders - Giám Đốc Công Ty Nhiệt Điện Tại Quốc Gia (Tuyển Dụng Nước Ngoài),783d762a-418c-4d29-b780-ade56468903f,Manager,Khác,CLOSED,2026-09-08,2026-09-18,,,vietnamworks.com,1,,,0,0,0
40,strict,cao,x,"cùng tỉnh + cùng level (cùng content_hash); cùng nguồn: vietnamworks.com; 1 tin OPEN, còn lại đã đóng (dạng đăng lại)",Công Ty Cổ Phần Tập Đoàn ROX,ROX Global Leaders - Giám Đốc Công Ty Nhiệt Điện Tại Quốc Gia (Tuyển Dụng Nước Ngoài),61244f7f-7aa6-4ce0-bb60-6ad0246d28bf,Manager,Khác,OPEN,2026-09-28,2026-10-23,,,vietnamworks.com,1,,,0,0,0
41,strict,cao,,"cùng tỉnh + cùng level (cùng content_hash); cùng nguồn: vietnamworks.com; 1 tin OPEN, còn lại đã đóng (dạng đăng lại)",Công Ty Cổ Phần Tập Đoàn ROX,ROX Global Leaders - Giám Đốc Công Ty Năng Lượng Tái Tạo Tại Quốc Gia (Tuyển Dụng Nước Ngoài),a44157db-10c3-4b9f-8e2e-2b92fcbe647a,Manager,Khác,CLOSED,2026-09-08,2026-09-18,,,vietnamworks.com,1,,,0,0,0
41,strict,cao,x,"cùng tỉnh + cùng level (cùng content_hash); cùng nguồn: vietnamworks.com; 1 tin OPEN, còn lại đã đóng (dạng đăng lại)",Công Ty Cổ Phần Tập Đoàn ROX,ROX Global Leaders - Giám Đốc Công Ty Năng Lượng Tái Tạo Tại Quốc Gia (Tuyển Dụng Nước Ngoài),d1108f68-6034-42bf-bd7d-8401bb8b32a0,Manager,Khác,OPEN,2026-09-28,2026-10-23,,,vietnamworks.com,1,,,0,0,0
42,strict,cao,,"cùng tỉnh + cùng level (cùng content_hash); cùng nguồn: careerviet.vn; 1 tin OPEN, còn lại đã đóng (dạng đăng lại)",Công Ty Cổ phần Tập Đoàn KIDO,Product Owner,a42cebfd-0774-42f5-a8cc-b845574d771a,Senior,Hồ Chí Minh,CLOSED,2026-08-26,2026-09-06,,,careerviet.vn,1,,,0,0,0
42,strict,cao,x,"cùng tỉnh + cùng level (cùng content_hash); cùng nguồn: careerviet.vn; 1 tin OPEN, còn lại đã đóng (dạng đăng lại)",Công Ty Cổ phần Tập Đoàn KIDO,Product Owner,77584bf8-fe3b-4837-b73e-377c534cd342,Senior,Hồ Chí Minh,OPEN,2026-09-08,2026-10-06,,,careerviet.vn,1,,,0,0,0
43,strict,cao,,"cùng tỉnh + cùng level (cùng content_hash); cùng nguồn: careerviet.vn; 1 tin OPEN, còn lại đã đóng (dạng đăng lại)",Công Ty Cổ phần Tập Đoàn KIDO,Senior Software Engineer,331d175f-c7a3-4cc4-91a0-7d1f66ff0235,Senior,Hồ Chí Minh,CLOSED,2026-08-26,2026-09-05,,,careerviet.vn,1,,,0,0,0
43,strict,cao,x,"cùng tỉnh + cùng level (cùng content_hash); cùng nguồn: careerviet.vn; 1 tin OPEN, còn lại đã đóng (dạng đăng lại)",Công Ty Cổ phần Tập Đoàn KIDO,Senior Software Engineer,bacc2041-2d14-42bf-95f7-5475f15c0d61,Senior,Hồ Chí Minh,OPEN,2026-09-20,2026-10-13,,,careerviet.vn,1,,,0,0,0
44,strict,cao,,"cùng tỉnh + cùng level (cùng content_hash); cùng nguồn: vietnamworks.com; 1 tin OPEN, còn lại đã đóng (dạng đăng lại)",Công Ty TNHH Bảo Hiểm Shinhan Life Việt Nam,"Assistant Manager, Agency Planning",ce3e9a37-cb23-4bb6-92cd-9087bc976aee,Manager,Hồ Chí Minh,CLOSED,2026-08-26,2026-09-03,,,vietnamworks.com,1,,,0,0,0
44,strict,cao,x,"cùng tỉnh + cùng level (cùng content_hash); cùng nguồn: vietnamworks.com; 1 tin OPEN, còn lại đã đóng (dạng đăng lại)",Công Ty TNHH Bảo Hiểm Shinhan Life Việt Nam,"Assistant Manager, Agency Planning",40c6cd0a-c66b-4ffd-96fb-662f550142a2,Manager,Hồ Chí Minh,OPEN,2026-09-08,2026-10-05,,,vietnamworks.com,1,,,0,0,0
45,strict,cao,,"cùng tỉnh + cùng level (cùng content_hash); cùng nguồn: vietnamworks.com; 1 tin OPEN, còn lại đã đóng (dạng đăng lại)",Công Ty TNHH Công Nghệ Huawei Việt Nam,Cybersecurity Engineer,29f6a519-143f-45c3-88ae-c9fa882048f9,Junior,Hà Nội,CLOSED,2026-09-08,2026-09-18,,,vietnamworks.com,1,,,0,0,0
45,strict,cao,x,"cùng tỉnh + cùng level (cùng content_hash); cùng nguồn: vietnamworks.com; 1 tin OPEN, còn lại đã đóng (dạng đăng lại)",Công Ty TNHH Công Nghệ Huawei Việt Nam,Cybersecurity Engineer,b9c40394-c85e-4aba-b96f-9eedf71ac1fb,Junior,Hà Nội,OPEN,2026-10-03,2026-11-02,,,vietnamworks.com,1,,,0,0,0
46,strict,cao,,"cùng tỉnh + cùng level (cùng content_hash); cùng nguồn: vietnamworks.com; 1 tin OPEN, còn lại đã đóng (dạng đăng lại)",Công Ty TNHH Nexon Creative Studio VINA,2D Pixel Artist (Background/ Character/ Monster),e2ad4644-a5fa-485d-87ab-7264f746e70c,Junior,Hồ Chí Minh,CLOSED,2026-08-26,2026-08-30,,,vietnamworks.com,1,,,0,0,0
46,strict,cao,x,"cùng tỉnh + cùng level (cùng content_hash); cùng nguồn: vietnamworks.com; 1 tin OPEN, còn lại đã đóng (dạng đăng lại)",Công Ty TNHH Nexon Creative Studio VINA,2D Pixel Artist (Background/ Character/ Monster),e62db5b9-b0b8-4fef-8099-90a29e0dfa04,Junior,Hồ Chí Minh,OPEN,2026-10-03,2026-11-01,,,vietnamworks.com,1,,,0,0,0
47,strict,cao,,"cùng tỉnh + cùng level (cùng content_hash); cùng nguồn: vietnamworks.com; 1 tin OPEN, còn lại đã đóng (dạng đăng lại)",Công Ty TNHH Nexon Creative Studio VINA,3D Environment Modeler,9fdf6399-dca7-40ea-9cfa-13df7993189c,Junior,Hồ Chí Minh,CLOSED,2026-08-26,2026-09-23,,,vietnamworks.com,1,,,0,0,0
47,strict,cao,x,"cùng tỉnh + cùng level (cùng content_hash); cùng nguồn: vietnamworks.com; 1 tin OPEN, còn lại đã đóng (dạng đăng lại)",Công Ty TNHH Nexon Creative Studio VINA,3D Environment Modeler,b8460285-5fb4-411d-8dd3-d455af0df120,Junior,Hồ Chí Minh,OPEN,2026-09-28,2026-10-25,,,vietnamworks.com,1,,,0,0,0
48,strict,cao,,"cùng tỉnh + cùng level (cùng content_hash); cùng nguồn: vietnamworks.com; 1 tin OPEN, còn lại đã đóng (dạng đăng lại)",Công Ty TNHH Nexon Creative Studio VINA,3D Rigger,f4d4aafd-b8b0-4a47-9c48-cd2b701bc72c,Junior,Hồ Chí Minh,CLOSED,2026-08-26,2026-08-30,,,vietnamworks.com,1,,,0,0,0
48,strict,cao,x,"cùng tỉnh + cùng level (cùng content_hash); cùng nguồn: vietnamworks.com; 1 tin OPEN, còn lại đã đóng (dạng đăng lại)",Công Ty TNHH Nexon Creative Studio VINA,3D Rigger,30910d59-1f02-4f85-b0f3-7993ec8b43f4,Junior,Hồ Chí Minh,OPEN,2026-10-03,2026-11-01,,,vietnamworks.com,1,,,0,0,0
49,strict,cao,,"cùng tỉnh + cùng level (cùng content_hash); cùng nguồn: vietnamworks.com; 1 tin OPEN, còn lại đã đóng (dạng đăng lại)",Công Ty TNHH Năng Lượng Xanh Và Tái Tạo Phương Nam,QC Dimension,78f1f76a-0778-447e-bf77-6b3efa02f2f9,Junior,Hồ Chí Minh,CLOSED,2026-09-28,2026-10-01,,,vietnamworks.com,1,,,0,0,0
49,strict,cao,x,"cùng tỉnh + cùng level (cùng content_hash); cùng nguồn: vietnamworks.com; 1 tin OPEN, còn lại đã đóng (dạng đăng lại)",Công Ty TNHH Năng Lượng Xanh Và Tái Tạo Phương Nam,QC Dimension,acccf9cd-7420-42c4-b090-bbb6eb2cae26,Junior,Hồ Chí Minh,OPEN,2026-10-03,2026-10-30,,,vietnamworks.com,1,,,0,0,0
50,strict,cao,,"cùng tỉnh + cùng level (cùng content_hash); cùng nguồn: careerviet.vn; 1 tin OPEN, còn lại đã đóng (dạng đăng lại)",Công Ty TNHH ONE-VALUE Việt Nam,AI & DIGITAL TRANSFORMATION CONSULTANT – INTERNAL INNOVATION & CLIENT ADVISORY,d7a35642-8760-4252-9730-4459725234a9,Intern,Hà Nội,CLOSED,2026-09-08,2026-10-02,,,careerviet.vn,1,,,0,0,0
50,strict,cao,x,"cùng tỉnh + cùng level (cùng content_hash); cùng nguồn: careerviet.vn; 1 tin OPEN, còn lại đã đóng (dạng đăng lại)",Công Ty TNHH ONE-VALUE Việt Nam,AI & DIGITAL TRANSFORMATION CONSULTANT – INTERNAL INNOVATION & CLIENT ADVISORY,ef8d4282-5155-452c-846e-ac0bb5a5b1b9,Intern,Hà Nội,OPEN,2026-10-03,2026-10-30,25000000,50000000,careerviet.vn,2,,,0,0,0
51,strict,cao,,cùng tỉnh + cùng level (cùng content_hash); cùng nguồn: vietnamworks.com; tất cả đã CLOSED,Công Ty TNHH Techtronic Industries Việt Nam Manufacturing,Warehouse - Process & System Engineer,a81aaf2e-63b0-4d86-a8b8-2dbb39fd333a,Junior,Hồ Chí Minh,CLOSED,2026-08-26,2026-09-02,,,vietnamworks.com,1,,,0,0,0
51,strict,cao,x,cùng tỉnh + cùng level (cùng content_hash); cùng nguồn: vietnamworks.com; tất cả đã CLOSED,Công Ty TNHH Techtronic Industries Việt Nam Manufacturing,Warehouse - Process & System Engineer,0eebe1c7-d7dd-4419-a378-46a54b02cda4,Junior,Hồ Chí Minh,CLOSED,2026-09-08,2026-10-04,,,vietnamworks.com,1,,,0,0,0
52,strict,cao,,"cùng tỉnh + cùng level (cùng content_hash); cùng nguồn: vietnamworks.com; 1 tin OPEN, còn lại đã đóng (dạng đăng lại)",Công Ty TNHH TurnKey FBA,E-Commerce Pricing Specialist,59576c7a-8d34-4370-8fd6-2b703744d5f8,Junior,Hà Nội,CLOSED,2026-09-08,2026-09-14,8000000,13000000,vietnamworks.com,1,,,0,0,0
52,strict,cao,x,"cùng tỉnh + cùng level (cùng content_hash); cùng nguồn: vietnamworks.com; 1 tin OPEN, còn lại đã đóng (dạng đăng lại)",Công Ty TNHH TurnKey FBA,E-Commerce Pricing Specialist,bacf2125-a06c-48eb-803a-1764bc4efa81,Junior,Hà Nội,OPEN,2026-09-20,2026-10-14,8000000,13000000,vietnamworks.com,1,,,0,0,0
53,strict,cao,x,"cùng tỉnh + cùng level (cùng content_hash); khác nguồn: careerviet.vn, vietnamworks.com; 1 tin OPEN, còn lại đã đóng (dạng đăng lại)",Công Ty Tài Chính Mirae Asset (Việt Nam),Senior Data Engineer,5aea6d46-94f8-4b57-9feb-5116c861fe8f,Senior,Hồ Chí Minh,OPEN,2026-08-26,2026-10-29,,,careerviet.vn,1,,,0,0,0
53,strict,cao,,"cùng tỉnh + cùng level (cùng content_hash); khác nguồn: careerviet.vn, vietnamworks.com; 1 tin OPEN, còn lại đã đóng (dạng đăng lại)",Công Ty Tài Chính Mirae Asset (Việt Nam),Senior Data Engineer,c307f299-32dd-4ca5-8e43-eb74f3778d4d,Senior,Hồ Chí Minh,CLOSED,2026-09-08,2026-09-17,1000,2000,vietnamworks.com,1,,,0,0,0
54,strict,cao,,"cùng tỉnh + cùng level (cùng content_hash); cùng nguồn: vietnamworks.com; 1 tin OPEN, còn lại đã đóng (dạng đăng lại)",Công Ty Điện Lạnh Hòa Phát,Nhân Viên Kỹ Thuật Công Nghệ (IE),f96aa597-bcef-433a-a792-e17d3acdf8ef,Junior,Hồ Chí Minh,CLOSED,2026-08-26,2026-09-04,15000000,25000000,vietnamworks.com,1,,,0,0,0
54,strict,cao,x,"cùng tỉnh + cùng level (cùng content_hash); cùng nguồn: vietnamworks.com; 1 tin OPEN, còn lại đã đóng (dạng đăng lại)",Công Ty Điện Lạnh Hòa Phát,Nhân Viên Kỹ Thuật Công Nghệ (IE),22dc63c9-e221-4c85-9276-e0041cfaa903,Junior,Hồ Chí Minh,OPEN,2026-09-20,2026-10-09,15000000,25000000,vietnamworks.com,1,,,0,0,0
55,strict,cao,,"cùng tỉnh + cùng level (cùng content_hash); cùng nguồn: topcv.vn; 1 tin OPEN, còn lại đã đóng (dạng đăng lại)",Công ty CP Giải pháp Thanh toán Việt Nam (VNPAY),Nhân Viên Phân Tích Nghiệp Vụ - BA,61bbfa20-746c-41ef-b008-708a3f104635,Middle,Hà Nội,CLOSED,2026-09-08,2026-09-24,,,topcv.vn,1,,,0,0,0
55,strict,cao,x,"cùng tỉnh + cùng level (cùng content_hash); cùng nguồn: topcv.vn; 1 tin OPEN, còn lại đã đóng (dạng đăng lại)",Công ty CP Giải pháp Thanh toán Việt Nam (VNPAY),Nhân Viên Phân Tích Nghiệp Vụ - BA,718e587f-a869-4966-8a81-a39bddba245c,Middle,Hà Nội,OPEN,2026-10-03,2026-10-31,,,topcv.vn,1,,,0,0,0
56,strict,cao,,"cùng tỉnh + cùng level (cùng content_hash); cùng nguồn: careerviet.vn; 1 tin OPEN, còn lại đã đóng (dạng đăng lại)",Công ty Cổ Phần Giấy Sài Gòn - SAIGON PAPER CORPORATION,ACCOUNTING TEAM LEADER (REPORTING),97225ae4-66e4-4c93-82b3-94c9b23da854,Lead,Hồ Chí Minh,CLOSED,2026-08-26,2026-08-31,,,careerviet.vn,1,,,0,0,0
56,strict,cao,x,"cùng tỉnh + cùng level (cùng content_hash); cùng nguồn: careerviet.vn; 1 tin OPEN, còn lại đã đóng (dạng đăng lại)",Công ty Cổ Phần Giấy Sài Gòn - SAIGON PAPER CORPORATION,Accounting Team Leader (Reporting),eb0fced4-a34d-4ef7-96a0-9249c0bf079a,Lead,Hồ Chí Minh,OPEN,2026-10-03,2026-11-03,,,careerviet.vn,1,,,0,0,0
57,strict,cao,,"cùng tỉnh + cùng level (cùng content_hash); cùng nguồn: vietnamworks.com; 1 tin OPEN, còn lại đã đóng (dạng đăng lại)",Công ty Cổ phần Tập đoàn Meey Land,Phó Tổng Giám Đốc Khối Công Nghệ,6221acf9-4caa-4b0f-8389-0a6e768bf53f,Manager,Hà Nội,CLOSED,2026-08-26,2026-09-09,,,vietnamworks.com,1,,,0,0,0
57,strict,cao,x,"cùng tỉnh + cùng level (cùng content_hash); cùng nguồn: vietnamworks.com; 1 tin OPEN, còn lại đã đóng (dạng đăng lại)",Công ty Cổ phần Tập đoàn Meey Land,Phó Tổng Giám Đốc Khối Công Nghệ,d30e14c9-72e0-42e9-adbc-2bfa26358555,Manager,Hà Nội,OPEN,2026-10-03,2026-10-30,,,vietnamworks.com,1,,,0,0,0
58,strict,cao,,"cùng tỉnh + cùng level (cùng content_hash); cùng nguồn: careerviet.vn; 1 tin OPEN, còn lại đã đóng (dạng đăng lại)",Công ty Easia Travel,HR Intern/ Thực tập sinh Nhân Sự,676b8b05-f615-43d4-828a-d271b09c62c2,Intern,Hà Nội,CLOSED,2026-09-08,2026-09-08,,,careerviet.vn,1,,,0,0,0
58,strict,cao,x,"cùng tỉnh + cùng level (cùng content_hash); cùng nguồn: careerviet.vn; 1 tin OPEN, còn lại đã đóng (dạng đăng lại)",Công ty Easia Travel,HR Intern/ Thực tập sinh Nhân Sự,e9d264ff-b1c4-40f5-ac94-935c4e64ecbd,Intern,Hà Nội,OPEN,2026-09-28,2026-11-09,,,careerviet.vn,1,,,0,0,0
59,strict,cao,,"cùng tỉnh + cùng level (cùng content_hash); cùng nguồn: careerviet.vn; 1 tin OPEN, còn lại đã đóng (dạng đăng lại)",Công ty TNHH Greystone Data Systems Việt Nam,Software Engineer,0c90de09-45ea-4e6a-9373-4fed06c68294,Middle,Hồ Chí Minh,CLOSED,2026-08-26,2026-09-11,12000000,25000000,careerviet.vn,1,,,0,0,0
59,strict,cao,x,"cùng tỉnh + cùng level (cùng content_hash); cùng nguồn: careerviet.vn; 1 tin OPEN, còn lại đã đóng (dạng đăng lại)",Công ty TNHH Greystone Data Systems Việt Nam,Software Engineer,cf754d2a-b298-4173-8e1d-5c0b3d970593,Middle,Hồ Chí Minh,OPEN,2026-09-28,2026-10-21,12000000,25000000,careerviet.vn,1,,,0,0,0
60,strict,cao,,"cùng tỉnh + cùng level (cùng content_hash); cùng nguồn: careerviet.vn; 1 tin OPEN, còn lại đã đóng (dạng đăng lại)",Công ty TNHH Thiên Thủy Mộc,Data Analyst (Growth & E-Commerce),ea07b818-2d39-4e82-b8ec-148ed105401e,Middle,Hồ Chí Minh,CLOSED,2026-08-26,2026-09-19,,,careerviet.vn,1,,,0,0,0
60,strict,cao,x,"cùng tỉnh + cùng level (cùng content_hash); cùng nguồn: careerviet.vn; 1 tin OPEN, còn lại đã đóng (dạng đăng lại)",Công ty TNHH Thiên Thủy Mộc,Data Analyst (Growth & E-Commerce),5b76fc4d-5b03-42ef-94f3-fd6cbd45b61b,Middle,Hồ Chí Minh,OPEN,2026-09-28,2026-11-07,,,careerviet.vn,1,,,0,0,0
61,strict,cao,,"cùng tỉnh + cùng level (cùng content_hash); cùng nguồn: topcv.vn; 1 tin OPEN, còn lại đã đóng (dạng đăng lại)",Công ty TNHH phần mềm 2NF,Leader Dotnet/ReactJS,ec667bef-c899-44de-95da-3196c746c9bf,Lead,Hà Nội,OPEN,2026-09-28,2026-10-25,,35000000,topcv.vn,1,,,0,0,0
61,strict,cao,x,"cùng tỉnh + cùng level (cùng content_hash); cùng nguồn: topcv.vn; 1 tin OPEN, còn lại đã đóng (dạng đăng lại)",Công ty TNHH phần mềm 2NF,Leader Dotnet/ReactJS,60d8e2e8-7269-4cc5-8861-6b17b44a4228,Lead,Hà Nội,CLOSED,2026-09-28,2026-10-24,,35000000,topcv.vn,1,x,,0,0,0
62,strict,cao,,"cùng tỉnh + cùng level (cùng content_hash); cùng nguồn: vietnamworks.com; 1 tin OPEN, còn lại đã đóng (dạng đăng lại)",Diana Unicharm JSC,[Hà Nội] Sales Planning Officer/ Cán Bộ Kế Hoạch Bán Hàng,2696551a-eab6-449b-ab5f-aa744ef6cd2d,Junior,Hà Nội,CLOSED,2026-09-08,2026-09-27,16000000,25000000,vietnamworks.com,1,,,0,0,0
62,strict,cao,x,"cùng tỉnh + cùng level (cùng content_hash); cùng nguồn: vietnamworks.com; 1 tin OPEN, còn lại đã đóng (dạng đăng lại)",Diana Unicharm JSC,[Hà Nội] Sales Planning Officer/ Cán Bộ Kế Hoạch Bán Hàng,a3dea7ca-f107-4534-a609-42597cf6383e,Junior,Hà Nội,OPEN,2026-09-30,2026-10-28,16000000,25000000,vietnamworks.com,1,,,0,0,0
63,strict,cao,,"cùng tỉnh + cùng level (cùng content_hash); cùng nguồn: topcv.vn; 1 tin OPEN, còn lại đã đóng (dạng đăng lại)",FPT Software,Java Developer (Good English) (Tier2-NT),f93238bb-f5c8-48fc-ac6f-7d64f74dc31e,Middle,Khánh Hòa,CLOSED,2026-09-08,2026-09-13,,,topcv.vn,1,,,0,0,0
63,strict,cao,x,"cùng tỉnh + cùng level (cùng content_hash); cùng nguồn: topcv.vn; 1 tin OPEN, còn lại đã đóng (dạng đăng lại)",FPT Software,Java Developer (Good English) (Tier2-NT),f1a99e66-71f2-46e4-b46c-1fdb3ed62885,Middle,Khánh Hòa,OPEN,2026-10-03,2026-11-01,,,topcv.vn,1,,,0,0,0
64,strict,cao,,"cùng tỉnh + cùng level (cùng content_hash); cùng nguồn: careerviet.vn; 1 tin OPEN, còn lại đã đóng (dạng đăng lại)",HSC - Chứng Khoán Thành Phố Hồ Chí Minh,Senior Business Analyst,5cd41746-b2ed-47cd-90f7-652f3fc778bb,Senior,Hồ Chí Minh,CLOSED,2026-09-08,2026-09-27,,,careerviet.vn,1,,,0,0,0
64,strict,cao,x,"cùng tỉnh + cùng level (cùng content_hash); cùng nguồn: careerviet.vn; 1 tin OPEN, còn lại đã đóng (dạng đăng lại)",HSC - Chứng Khoán Thành Phố Hồ Chí Minh,Senior Business Analyst,ffecbc0f-09d3-4ff2-9e11-c6584a3fddbe,Senior,Hồ Chí Minh,OPEN,2026-09-28,2026-10-31,,,careerviet.vn,1,,,0,0,0
65,strict,cao,,"cùng tỉnh + cùng level (cùng content_hash); cùng nguồn: careerviet.vn; 1 tin OPEN, còn lại đã đóng (dạng đăng lại)",HSC - Chứng Khoán Thành Phố Hồ Chí Minh,Senior Corporate Finance Analyst (HCM),cf347ef6-4651-4830-8542-f4e13368f1e0,Senior,Hồ Chí Minh,CLOSED,2026-08-26,2026-09-07,,,careerviet.vn,1,,,0,0,0
65,strict,cao,x,"cùng tỉnh + cùng level (cùng content_hash); cùng nguồn: careerviet.vn; 1 tin OPEN, còn lại đã đóng (dạng đăng lại)",HSC - Chứng Khoán Thành Phố Hồ Chí Minh,Senior Corporate Finance Analyst (HCM),284e6228-600e-403a-acdd-0677fb012cc8,Senior,Hồ Chí Minh,OPEN,2026-09-20,2026-10-18,,,careerviet.vn,1,,,0,0,0
66,strict,cao,,"cùng tỉnh + cùng level (cùng content_hash); cùng nguồn: vietnamworks.com; 1 tin OPEN, còn lại đã đóng (dạng đăng lại)",HYUNDAI Kefico,Embedded Software Development Engineer,1698d1c3-9fac-4dcf-844a-6199de0cc2c2,Junior,Hà Nội,CLOSED,2026-08-26,2026-09-09,,,vietnamworks.com,1,,,0,0,0
66,strict,cao,x,"cùng tỉnh + cùng level (cùng content_hash); cùng nguồn: vietnamworks.com; 1 tin OPEN, còn lại đã đóng (dạng đăng lại)",HYUNDAI Kefico,Embedded Software Development Engineer,0ee6b292-48ab-4967-ba78-7dfe7020d0ef,Junior,Hà Nội,OPEN,2026-09-20,2026-10-11,,,vietnamworks.com,1,,,0,0,0
67,strict,cao,,"cùng tỉnh + cùng level (cùng content_hash); cùng nguồn: vietnamworks.com; 1 tin OPEN, còn lại đã đóng (dạng đăng lại)",Hai Phong Industrial Technology JSC (Hapco),Sales Operations Manager (Industrial Equipment & Solutions),b6fb6972-f262-4ce2-980e-87901e6a2d29,Manager,Hà Nội,CLOSED,2026-09-08,2026-10-02,1200,2000,vietnamworks.com,1,,,0,0,0
67,strict,cao,x,"cùng tỉnh + cùng level (cùng content_hash); cùng nguồn: vietnamworks.com; 1 tin OPEN, còn lại đã đóng (dạng đăng lại)",Hai Phong Industrial Technology JSC (Hapco),Sales Operations Manager (Industrial Equipment & Solutions),17890996-9317-41d5-8031-6161e1dbae54,Manager,Hà Nội,OPEN,2026-10-03,2026-11-01,1200,2000,vietnamworks.com,1,,,0,0,0
68,strict,cao,,"cùng tỉnh + cùng level (cùng content_hash); cùng nguồn: vietnamworks.com; 1 tin OPEN, còn lại đã đóng (dạng đăng lại)",Hitachi Energy Vietnam,Senior Continuous Improvement Specialist,7821a78b-0298-40db-87b9-6b651928ab51,Senior,Bắc Ninh,CLOSED,2026-09-08,2026-09-18,,,vietnamworks.com,1,,,0,0,0
68,strict,cao,x,"cùng tỉnh + cùng level (cùng content_hash); cùng nguồn: vietnamworks.com; 1 tin OPEN, còn lại đã đóng (dạng đăng lại)",Hitachi Energy Vietnam,Senior Continuous Improvement Specialist,0c9ca33a-b9f9-4ec6-8f0a-5ffd1494c806,Senior,Bắc Ninh,OPEN,2026-09-20,2026-10-18,,,vietnamworks.com,1,,,0,0,0
69,strict,cao,,"cùng tỉnh + cùng level (cùng content_hash); cùng nguồn: vietnamworks.com; 1 tin OPEN, còn lại đã đóng (dạng đăng lại)",Home Credit Vietnam - Explore Your Dream Team,Technology Regulatory & Special Activities Lead,81f06051-34a8-4b45-a406-20dcdd18c721,Lead,Hồ Chí Minh,CLOSED,2026-08-28,2026-08-30,,,vietnamworks.com,1,,,0,0,0
69,strict,cao,x,"cùng tỉnh + cùng level (cùng content_hash); cùng nguồn: vietnamworks.com; 1 tin OPEN, còn lại đã đóng (dạng đăng lại)",Home Credit Vietnam - Explore Your Dream Team,Technology Regulatory & Special Activities Lead,7c63ffd1-72e1-4ae7-9e58-7e47ec0501d4,Lead,Hồ Chí Minh,OPEN,2026-09-08,2026-10-05,,,vietnamworks.com,1,,,0,0,0
70,strict,cao,,"cùng tỉnh + cùng level (cùng content_hash); cùng nguồn: careerviet.vn; 1 tin OPEN, còn lại đã đóng (dạng đăng lại)",Koei Tecmo Software Vietnam,LẬP TRÌNH GAME - GAME DEVELOPERS,f139c06f-08ef-448a-8378-a51f7b805f26,Junior,Hà Nội,CLOSED,2026-08-26,2026-08-30,,,careerviet.vn,1,,,0,0,0
70,strict,cao,x,"cùng tỉnh + cùng level (cùng content_hash); cùng nguồn: careerviet.vn; 1 tin OPEN, còn lại đã đóng (dạng đăng lại)",Koei Tecmo Software Vietnam,LẬP TRÌNH GAME - GAME DEVELOPERS,fb1406fa-dd28-4f3b-8eaa-6953d93a9a0d,Junior,Hà Nội,OPEN,2026-09-20,2026-10-10,,,careerviet.vn,1,,,0,0,0
71,strict,cao,,"cùng tỉnh + cùng level (cùng content_hash); cùng nguồn: careerviet.vn; 1 tin OPEN, còn lại đã đóng (dạng đăng lại)",LacViet Computing Corporation,Business Analyst,cc1af13f-ace3-4611-8b98-c40bbb8d7a78,Middle,Hồ Chí Minh,CLOSED,2026-09-08,2026-09-30,,,careerviet.vn,1,,,0,0,0
71,strict,cao,x,"cùng tỉnh + cùng level (cùng content_hash); cùng nguồn: careerviet.vn; 1 tin OPEN, còn lại đã đóng (dạng đăng lại)",LacViet Computing Corporation,Business Analyst,2348c972-b6e2-46c9-b4f5-a5e403b1ccc1,Middle,Hồ Chí Minh,OPEN,2026-10-03,2026-11-30,,,careerviet.vn,1,,,0,0,0
72,strict,cao,,cùng tỉnh + cùng level (cùng content_hash); cùng nguồn: vietnamworks.com; tất cả đã CLOSED,MISA Jointstock Company,Chuyên Viên Kinh Doanh Nền Tảng Quản Trị Doanh Nghiệp - MISA AMIS,45eaa03b-283c-47f7-982b-3ceb221ca72b,Junior,Hồ Chí Minh,CLOSED,2026-08-28,2026-08-30,25000000,30000000,vietnamworks.com,1,,,0,0,0
72,strict,cao,x,cùng tỉnh + cùng level (cùng content_hash); cùng nguồn: vietnamworks.com; tất cả đã CLOSED,MISA Jointstock Company,Chuyên Viên Kinh Doanh Nền Tảng Quản Trị Doanh Nghiệp - MISA AMIS,ed311996-8cda-4e91-93c7-ad0fd906c1d5,Junior,Hồ Chí Minh,CLOSED,2026-09-08,2026-09-27,25000000,30000000,vietnamworks.com,1,,,0,0,0
73,strict,cao,x,"cùng tỉnh + cùng level (cùng content_hash); cùng nguồn: topcv.vn; 1 tin OPEN, còn lại đã đóng (dạng đăng lại)",MISA Jointstock Company,Chuyên Viên Phân Tích Nghiệp Vụ (Business Analyst) - Sản Phẩm Quản Lý Nhà Hàng (FnB),f7fc2024-092e-4797-a419-46c565e532ca,Middle,Hà Nội,CLOSED,2026-09-08,2026-09-23,,,topcv.vn,1,x,,0,0,0
73,strict,cao,,"cùng tỉnh + cùng level (cùng content_hash); cùng nguồn: topcv.vn; 1 tin OPEN, còn lại đã đóng (dạng đăng lại)",MISA Jointstock Company,Chuyên Viên Phân Tích Nghiệp Vụ (Business Analyst) - Sản Phẩm Quản Lý Nhà Hàng (FnB),75e7ca2b-4838-435c-9161-596d37432d1d,Middle,Hà Nội,OPEN,2026-09-20,2026-10-14,,,topcv.vn,1,,,0,0,0
74,strict,cao,,"cùng tỉnh + cùng level (cùng content_hash); cùng nguồn: vietnamworks.com; 1 tin OPEN, còn lại đã đóng (dạng đăng lại)",NGÂN HÀNG TMCP QUÂN ĐỘI – MBBANK,"(Middle, Senior) BackEnd Engineer (Java, Spring Boot) - Khối Công Nghệ Thông Tin (2025TD923)",671e4020-25ee-4bdc-88dd-7c5a475d8a1b,Senior,Hà Nội,CLOSED,2026-09-08,2026-09-23,26000000,50000000,vietnamworks.com,1,,,0,0,0
74,strict,cao,x,"cùng tỉnh + cùng level (cùng content_hash); cùng nguồn: vietnamworks.com; 1 tin OPEN, còn lại đã đóng (dạng đăng lại)",NGÂN HÀNG TMCP QUÂN ĐỘI – MBBANK,"(Middle, Senior) BackEnd Engineer (Java, Spring Boot) - Khối Công nghệ thông tin (2025TD923)",7cd35e93-210a-47ea-b3b4-bd8b3bce4627,Senior,Hà Nội,OPEN,2026-09-28,2026-10-22,26000000,50000000,vietnamworks.com,1,,,0,0,0
75,strict,cao,,"cùng tỉnh + cùng level (cùng content_hash); cùng nguồn: vietnamworks.com; 1 tin OPEN, còn lại đã đóng (dạng đăng lại)",NGÂN HÀNG TMCP QUÂN ĐỘI – MBBANK,"(Middle, Senior) FullStack Developer - Khối Công nghệ thông tin (2025TD943)",82ad6e41-2f77-44eb-8833-034124227362,Senior,Hà Nội,CLOSED,2026-09-08,2026-09-23,,,vietnamworks.com,1,,,0,0,0
75,strict,cao,x,"cùng tỉnh + cùng level (cùng content_hash); cùng nguồn: vietnamworks.com; 1 tin OPEN, còn lại đã đóng (dạng đăng lại)",NGÂN HÀNG TMCP QUÂN ĐỘI – MBBANK,"(Middle, Senior) FullStack Developer - Khối Công nghệ thông tin (2025TD943)",da894579-13d7-46b2-a989-0d993eef7437,Senior,Hà Nội,OPEN,2026-09-28,2026-10-22,,,vietnamworks.com,1,,,0,0,0
76,strict,cao,,"cùng tỉnh + cùng level (cùng content_hash); khác nguồn: topcv.vn, vietnamworks.com; 1 tin OPEN, còn lại đã đóng (dạng đăng lại)",NGÂN HÀNG TMCP QUÂN ĐỘI – MBBANK,Agentic Engineer (Python/Go/C/C++ Backend & AI Agents) - Khối Công Nghệ Thông Tin (2026TD450887),740078fd-1fd8-4d9a-ad48-eb5570254b07,Junior,Hà Nội,CLOSED,2026-09-08,2026-09-24,,,topcv.vn,1,,,0,0,0
76,strict,cao,x,"cùng tỉnh + cùng level (cùng content_hash); khác nguồn: topcv.vn, vietnamworks.com; 1 tin OPEN, còn lại đã đóng (dạng đăng lại)",NGÂN HÀNG TMCP QUÂN ĐỘI – MBBANK,Agentic Engineer (Python/Go/C/C++ Backend & AI Agents) - Khối Công nghệ thông tin (2026TD450887),107ff2ac-d3ed-469b-a979-8ef44c4e95fd,Junior,Hà Nội,OPEN,2026-09-28,2026-10-29,20000000,50000000,vietnamworks.com,2,,,0,0,0
77,strict,cao,,"cùng tỉnh + cùng level (cùng content_hash); cùng nguồn: topcv.vn; 1 tin OPEN, còn lại đã đóng (dạng đăng lại)",NGÂN HÀNG TMCP QUÂN ĐỘI – MBBANK,"BackEnd Engineer (All Level - Java, Spring Boot) - Khối Công Nghệ Thông Tin (2025TD1785)",d4fb7f79-0b5a-4483-b54b-d21d85406a42,Middle,Hà Nội,CLOSED,2026-09-08,2026-09-24,,,topcv.vn,1,,,0,0,0
77,strict,cao,x,"cùng tỉnh + cùng level (cùng content_hash); cùng nguồn: topcv.vn; 1 tin OPEN, còn lại đã đóng (dạng đăng lại)",NGÂN HÀNG TMCP QUÂN ĐỘI – MBBANK,"BackEnd Engineer (All Level - Java, Spring Boot) - Khối Công Nghệ Thông Tin (2025TD1785)",8affc2da-3c8d-4458-a8e6-a15f4cdc9ffd,Middle,Hà Nội,OPEN,2026-09-30,2026-10-29,,,topcv.vn,1,,,0,0,0
78,strict,cao,,"cùng tỉnh + cùng level (cùng content_hash); cùng nguồn: topcv.vn; 1 tin OPEN, còn lại đã đóng (dạng đăng lại)",NGÂN HÀNG TMCP QUÂN ĐỘI – MBBANK,Chuyên Viên Cao Cấp Công Nghệ Mô Hình - Senior Machine Learning Engineer - Khối Dữ Liệu (2026TD456629),0b701794-96bb-4f48-8f2a-bbb45b781a1d,Senior,Hà Nội,CLOSED,2026-09-08,2026-09-27,,,topcv.vn,1,,,0,0,0
78,strict,cao,x,"cùng tỉnh + cùng level (cùng content_hash); cùng nguồn: topcv.vn; 1 tin OPEN, còn lại đã đóng (dạng đăng lại)",NGÂN HÀNG TMCP QUÂN ĐỘI – MBBANK,Chuyên Viên Cao Cấp Công Nghệ Mô Hình - Senior Machine Learning Engineer - Khối Dữ Liệu (2026TD456629),b17cf637-9b62-4e73-99ec-28ed22a53d4f,Senior,Hà Nội,OPEN,2026-09-28,2026-10-25,,,topcv.vn,3,,,0,0,0
79,strict,cao,,"cùng tỉnh + cùng level (cùng content_hash); cùng nguồn: topcv.vn; 1 tin OPEN, còn lại đã đóng (dạng đăng lại)",NGÂN HÀNG TMCP QUÂN ĐỘI – MBBANK,"Chuyên Viên Cao Cấp, Chuyên Gia Kiểm Định Mô Hình Kinh Doanh - Senior Business Model Validation Analyst (BI) - Khối Dữ Liệu (2026TD453781)",b60f531c-032f-4e68-8926-464f871ca1dc,Senior,Hà Nội,CLOSED,2026-09-08,2026-09-27,,,topcv.vn,1,,,0,0,0
79,strict,cao,x,"cùng tỉnh + cùng level (cùng content_hash); cùng nguồn: topcv.vn; 1 tin OPEN, còn lại đã đóng (dạng đăng lại)",NGÂN HÀNG TMCP QUÂN ĐỘI – MBBANK,"Chuyên Viên Cao Cấp, Chuyên Gia Kiểm Định Mô Hình Kinh Doanh - Senior Business Model Validation Analyst (BI) - Khối Dữ Liệu (2026TD453781)",7c5d0f02-5f58-4f08-81b0-3697064b9baa,Senior,Hà Nội,OPEN,2026-09-28,2026-10-25,,,topcv.vn,1,,,0,0,0
80,strict,cao,,"cùng tỉnh + cùng level (cùng content_hash); cùng nguồn: vietnamworks.com; 1 tin OPEN, còn lại đã đóng (dạng đăng lại)",NGÂN HÀNG TMCP QUÂN ĐỘI – MBBANK,"FullStack Developer (Junior, Senior) - Khối Công nghệ thông tin (2025TD922)",0adcc61d-b011-44b4-8855-d5e9a147cf3b,Senior,Hà Nội,CLOSED,2026-09-08,2026-09-23,,,vietnamworks.com,1,,,0,0,0
80,strict,cao,x,"cùng tỉnh + cùng level (cùng content_hash); cùng nguồn: vietnamworks.com; 1 tin OPEN, còn lại đã đóng (dạng đăng lại)",NGÂN HÀNG TMCP QUÂN ĐỘI – MBBANK,"FullStack Developer (Junior, Senior) - Khối Công nghệ thông tin (2025TD922)",1b957d2b-292a-4e7a-ac9e-7772d3e736e6,Senior,Hà Nội,OPEN,2026-09-28,2026-10-29,,,vietnamworks.com,2,,,0,0,0
81,strict,cao,,"cùng tỉnh + cùng level (cùng content_hash); cùng nguồn: topcv.vn; 1 tin OPEN, còn lại đã đóng (dạng đăng lại)",NGÂN HÀNG TMCP QUÂN ĐỘI – MBBANK,"FullStack Developer (Middle, Senior) - Khối Công Nghệ Thông Tin (2025TD943)",c76f95b6-7c06-4bf8-b710-357822fff16f,Senior,Hà Nội,CLOSED,2026-09-08,2026-09-24,,,topcv.vn,1,,,0,0,0
81,strict,cao,x,"cùng tỉnh + cùng level (cùng content_hash); cùng nguồn: topcv.vn; 1 tin OPEN, còn lại đã đóng (dạng đăng lại)",NGÂN HÀNG TMCP QUÂN ĐỘI – MBBANK,"FullStack Developer (Middle, Senior) - Khối Công Nghệ Thông Tin (2025TD943)",ef1fe1b2-5cf3-4d04-9ba5-b556bb2c7991,Senior,Hà Nội,OPEN,2026-09-30,2026-10-29,,,topcv.vn,1,,,0,0,0
82,strict,cao,,cùng tỉnh + cùng level (cùng content_hash); cùng nguồn: vietnamworks.com; tất cả đã CLOSED,Navigos Group,Data Engineer,1bd0e824-cfd6-444c-b638-288fc8a87c1d,Junior,Hồ Chí Minh,CLOSED,2026-08-26,2026-09-04,1000,1200,vietnamworks.com,1,,,0,0,0
82,strict,cao,x,cùng tỉnh + cùng level (cùng content_hash); cùng nguồn: vietnamworks.com; tất cả đã CLOSED,Navigos Group,Data Engineer,0b9197b2-f38f-4b6d-934e-5bdd28362db7,Junior,Hồ Chí Minh,CLOSED,2026-09-08,2026-09-30,800,1200,vietnamworks.com,1,,,0,0,0
83,strict,cao,,"cùng tỉnh + cùng level (cùng content_hash); cùng nguồn: vietnamworks.com; 1 tin OPEN, còn lại đã đóng (dạng đăng lại)",Navigos Group,Nhân Viên Kinh Doanh B2B (Data Khách Hàng Có Sẵn),279ca8fd-0bb3-4174-b7f7-f2d65e2dd6ef,Junior,Hà Nội,CLOSED,2026-08-26,2026-09-18,400,,vietnamworks.com,1,,,0,0,0
83,strict,cao,x,"cùng tỉnh + cùng level (cùng content_hash); cùng nguồn: vietnamworks.com; 1 tin OPEN, còn lại đã đóng (dạng đăng lại)",Navigos Group,Nhân Viên Kinh Doanh B2B (Data Khách Hàng Có Sẵn),b6b058c5-fa6c-4312-a109-760899d78305,Junior,Hà Nội,OPEN,2026-09-28,2026-10-24,400,,vietnamworks.com,1,,,0,0,0
84,strict,cao,,cùng tỉnh + cùng level (cùng content_hash); cùng nguồn: vietnamworks.com; tất cả đã CLOSED,Navigos Group,Recruitment Staff,92db8ee0-e8b6-4c40-a571-e213dffe8bc9,Junior,Hà Nội,CLOSED,2026-08-26,2026-08-30,500,,vietnamworks.com,1,,,0,0,0
84,strict,cao,x,cùng tỉnh + cùng level (cùng content_hash); cùng nguồn: vietnamworks.com; tất cả đã CLOSED,Navigos Group,Recruitment Staff,5d8965ec-22df-4b88-a781-b06d18d354c0,Junior,Hà Nội,CLOSED,2026-09-08,2026-09-30,500,,vietnamworks.com,1,,,0,0,0
85,strict,cao,,"cùng tỉnh + cùng level (cùng content_hash); cùng nguồn: careerviet.vn; 1 tin OPEN, còn lại đã đóng (dạng đăng lại)",Ngân Hàng TMCP Quân Đội,Business Analyst (Chinese) - Khối Công nghệ thông tin (2026TD450181),10ae319e-7af9-4919-bafa-5951e37693b2,Junior,Hà Nội,CLOSED,2026-09-08,2026-09-20,,,careerviet.vn,1,,,0,0,0
85,strict,cao,x,"cùng tỉnh + cùng level (cùng content_hash); cùng nguồn: careerviet.vn; 1 tin OPEN, còn lại đã đóng (dạng đăng lại)",Ngân Hàng TMCP Quân Đội,Business Analyst (Chinese) - Khối Công nghệ thông tin (2026TD450181),c69b637f-a589-46d4-b304-22dc4b440516,Junior,Hà Nội,OPEN,2026-09-28,2026-10-25,,,careerviet.vn,1,,,0,0,0
86,strict,cao,,"cùng tỉnh + cùng level (cùng content_hash); khác nguồn: careerviet.vn, vietnamworks.com; 1 tin OPEN, còn lại đã đóng (dạng đăng lại)",Ngân Hàng TMCP Quân Đội,Chuyên Viên Cao Cấp Công Nghệ Mô Hình - Senior Machine Learning Engineer - Khối Dữ Liệu (2026TD456629),76e48e4f-d584-42ea-9874-95b01c53ac27,Senior,Hà Nội,CLOSED,2026-08-26,2026-09-18,,,vietnamworks.com,1,,,0,0,0
86,strict,cao,x,"cùng tỉnh + cùng level (cùng content_hash); khác nguồn: careerviet.vn, vietnamworks.com; 1 tin OPEN, còn lại đã đóng (dạng đăng lại)",Ngân Hàng TMCP Quân Đội,Chuyên viên Cao cấp Công nghệ Mô hình - Senior Machine Learning Engineer - Khối Dữ liệu (2026TD456629),9cde0eb7-e0b5-438a-9389-8e3fc71b10d2,Senior,Hà Nội,OPEN,2026-09-28,2026-10-25,,,careerviet.vn,2,,,0,0,0
87,strict,cao,,"cùng tỉnh + cùng level (cùng content_hash); khác nguồn: careerviet.vn, vietnamworks.com; 1 tin OPEN, còn lại đã đóng (dạng đăng lại)",Ngân Hàng TMCP Quân Đội,Chuyên viên Phân tích Khách hàng Doanh nghiệp - Business Customer Data Analyst - Khối Dữ liệu (2026TD451020),01611300-605d-4446-b64a-a07ee081b7cf,Junior,Hà Nội,CLOSED,2026-08-26,2026-09-25,,,vietnamworks.com,1,,,0,0,0
87,strict,cao,x,"cùng tỉnh + cùng level (cùng content_hash); khác nguồn: careerviet.vn, vietnamworks.com; 1 tin OPEN, còn lại đã đóng (dạng đăng lại)",Ngân Hàng TMCP Quân Đội,Chuyên viên Phân tích Khách hàng Doanh nghiệp - Business Customer Data Analyst - Khối Dữ liệu (2026TD451020),6e096b49-8505-4bcf-a859-1d8845cd9fcf,Junior,Hà Nội,OPEN,2026-09-28,2026-10-25,,,careerviet.vn,1,,,0,0,0
88,strict,cao,,"cùng tỉnh + cùng level (cùng content_hash); khác nguồn: careerviet.vn, vietnamworks.com; 1 tin OPEN, còn lại đã đóng (dạng đăng lại)",Ngân Hàng TMCP Quân Đội,Chuyên viên Phân tích Khách hàng cá nhân - Data Analyst (Retail Banking) - Khối Dữ liệu (2026TD453678),f83719b6-b6e1-4c7d-abc3-2d6805fceff7,Junior,Hà Nội,CLOSED,2026-08-26,2026-09-25,,,vietnamworks.com,1,,,0,0,0
88,strict,cao,x,"cùng tỉnh + cùng level (cùng content_hash); khác nguồn: careerviet.vn, vietnamworks.com; 1 tin OPEN, còn lại đã đóng (dạng đăng lại)",Ngân Hàng TMCP Quân Đội,Chuyên viên Phân tích Khách hàng cá nhân - Data Analyst (Retail Banking) - Khối Dữ liệu (2026TD453678),7ca72674-f002-46e8-a9f6-02feaeea7880,Junior,Hà Nội,OPEN,2026-09-28,2026-10-25,,,careerviet.vn,1,,,0,0,0
89,strict,cao,,"cùng tỉnh + cùng level (cùng content_hash); khác nguồn: careerviet.vn, vietnamworks.com; tất cả đã CLOSED",Ngân Hàng TMCP Quân Đội,"Chuyên viên, Chuyên viên cao cấp xây dựng mô hình phát hiện gian lận - Khối Quản trị rủi ro (2026TD455215)",55d3cdbe-68a0-4ffc-a510-c76ee3a7fa77,Junior,Hà Nội,CLOSED,2026-08-26,2026-09-14,,,careerviet.vn,1,,,0,0,0
89,strict,cao,x,"cùng tỉnh + cùng level (cùng content_hash); khác nguồn: careerviet.vn, vietnamworks.com; tất cả đã CLOSED",Ngân Hàng TMCP Quân Đội,"Chuyên viên, Chuyên viên cao cấp xây dựng mô hình phát hiện gian lận - Khối Quản trị rủi ro (2026TD455215)",ddc15e7e-14b2-43e0-984c-7cea3e7a9d20,Junior,Hà Nội,CLOSED,2026-08-26,2026-09-13,,,vietnamworks.com,1,x,,0,0,0
90,strict,cao,,"cùng tỉnh + cùng level (cùng content_hash); khác nguồn: careerviet.vn, vietnamworks.com; 1 tin OPEN, còn lại đã đóng (dạng đăng lại)",Ngân Hàng TMCP Quân Đội,Kỹ sư Dữ liệu - Data Engineer - Khối Dữ liệu (2026TD450985),b420facc-c461-4d91-bbc7-301d4cb8f71d,Junior,Hà Nội,CLOSED,2026-08-26,2026-09-25,,,vietnamworks.com,1,,,0,0,0
90,strict,cao,x,"cùng tỉnh + cùng level (cùng content_hash); khác nguồn: careerviet.vn, vietnamworks.com; 1 tin OPEN, còn lại đã đóng (dạng đăng lại)",Ngân Hàng TMCP Quân Đội,Kỹ sư Dữ liệu - Data Engineer - Khối Dữ liệu (2026TD450985),d296108e-763b-412b-9251-a4fb2504cd57,Junior,Hà Nội,OPEN,2026-09-28,2026-11-02,,,careerviet.vn,2,,,0,0,0
91,strict,cao,x,"cùng tỉnh + cùng level (cùng content_hash); khác nguồn: careerviet.vn, vietnamworks.com; tất cả đã CLOSED",Ngân Hàng TMCP Quân Đội,[All level] AI Engineer (Computer Vision/NLP/LLM) - Khối Công nghệ thông tin (2026TD450582),a922c915-271e-4b95-afd4-a3487012aaef,Junior,Hà Nội,CLOSED,2026-08-26,2026-09-14,,,careerviet.vn,1,x,,0,0,0
91,strict,cao,,"cùng tỉnh + cùng level (cùng content_hash); khác nguồn: careerviet.vn, vietnamworks.com; tất cả đã CLOSED",Ngân Hàng TMCP Quân Đội,[All level] AI Engineer (Computer Vision/NLP/LLM) - Khối Công nghệ thông tin (2026TD450582),9900c111-b0aa-41fd-9992-9034b81475a9,Junior,Hà Nội,CLOSED,2026-08-26,2026-09-18,20000000,50000000,vietnamworks.com,1,,,0,0,0
92,strict,cao,,"cùng tỉnh + cùng level (cùng content_hash); cùng nguồn: careerviet.vn; 1 tin OPEN, còn lại đã đóng (dạng đăng lại)",Ngân Hàng TMCP Sài Gòn - Hà Nội ( SHB ),Backend Developer - Ngân hàng số,a43bd9dc-95fe-49b5-aa79-d547196ef739,Senior,Hà Nội,CLOSED,2026-09-08,2026-09-25,,,careerviet.vn,1,,,0,0,0
92,strict,cao,x,"cùng tỉnh + cùng level (cùng content_hash); cùng nguồn: careerviet.vn; 1 tin OPEN, còn lại đã đóng (dạng đăng lại)",Ngân Hàng TMCP Sài Gòn - Hà Nội ( SHB ),Backend Developer - Ngân hàng số,06dcacac-5efe-4073-8338-618eed77c7fc,Senior,Hà Nội,OPEN,2026-09-28,2026-10-25,,,careerviet.vn,1,,,0,0,0
93,strict,cao,,"cùng tỉnh + cùng level (cùng content_hash); cùng nguồn: careerviet.vn; 1 tin OPEN, còn lại đã đóng (dạng đăng lại)",Ngân Hàng TMCP Sài Gòn - Hà Nội ( SHB ),Chuyên viên cao cấp Quản lý dữ liệu - Khối Ngân hàng Bán lẻ,e1d193a1-fe08-4ea6-9cdf-e70917fbe1e2,Middle,Hà Nội,CLOSED,2026-08-26,2026-09-03,,,careerviet.vn,1,,,0,0,0
93,strict,cao,x,"cùng tỉnh + cùng level (cùng content_hash); cùng nguồn: careerviet.vn; 1 tin OPEN, còn lại đã đóng (dạng đăng lại)",Ngân Hàng TMCP Sài Gòn - Hà Nội ( SHB ),Chuyên viên cao cấp Quản lý dữ liệu - Khối Ngân hàng Bán lẻ,29823ff3-2e9c-415f-883f-1b1d1d3342d7,Middle,Hà Nội,OPEN,2026-09-08,2026-10-05,,,careerviet.vn,1,,,0,0,0
94,strict,cao,,"cùng tỉnh + cùng level (cùng content_hash); cùng nguồn: careerviet.vn; 1 tin OPEN, còn lại đã đóng (dạng đăng lại)",Ngân Hàng TMCP Sài Gòn - Hà Nội ( SHB ),Data Analyst - Dự án CNTT,4a18ca4f-e46f-443f-b56c-b4ecc8e7bec6,Middle,Hà Nội,CLOSED,2026-09-08,2026-09-17,,,careerviet.vn,1,,,0,0,0
94,strict,cao,x,"cùng tỉnh + cùng level (cùng content_hash); cùng nguồn: careerviet.vn; 1 tin OPEN, còn lại đã đóng (dạng đăng lại)",Ngân Hàng TMCP Sài Gòn - Hà Nội ( SHB ),Data Analyst - Dự án CNTT,6a2f147b-854b-4ebe-8762-7fbc0d7de0e4,Middle,Hà Nội,OPEN,2026-09-28,2026-10-20,,,careerviet.vn,1,,,0,0,0
95,strict,cao,,"cùng tỉnh + cùng level (cùng content_hash); cùng nguồn: careerviet.vn; 1 tin OPEN, còn lại đã đóng (dạng đăng lại)",Ngân Hàng TMCP Sài Gòn - Hà Nội ( SHB ),Senior Solution Architect - Khối Ngân hàng Số,a93c89e9-6173-4fa3-9149-6e81f2abe5a5,Senior,Hà Nội,CLOSED,2026-08-28,2026-09-23,,,careerviet.vn,1,,,0,0,0
95,strict,cao,x,"cùng tỉnh + cùng level (cùng content_hash); cùng nguồn: careerviet.vn; 1 tin OPEN, còn lại đã đóng (dạng đăng lại)",Ngân Hàng TMCP Sài Gòn - Hà Nội ( SHB ),Senior Solution Architect - Khối Ngân hàng Số,1317e6cc-9a3a-4f1b-8c00-4ee32efe3519,Senior,Hà Nội,OPEN,2026-09-28,2026-10-25,,,careerviet.vn,1,,,0,0,0
96,strict,cao,,"cùng tỉnh + cùng level (cùng content_hash); cùng nguồn: vietnamworks.com; 1 tin OPEN, còn lại đã đóng (dạng đăng lại)",Ngân Hàng TMCP Á Châu (ACB),DNB - Chuyên Viên Quan Hệ Khách Hàng Cá Nhân,8d8fa14b-b37d-408b-878d-942ec05fa2ef,Junior,Đồng Nai,CLOSED,2026-08-30,2026-09-07,,,vietnamworks.com,1,,,0,0,0
96,strict,cao,x,"cùng tỉnh + cùng level (cùng content_hash); cùng nguồn: vietnamworks.com; 1 tin OPEN, còn lại đã đóng (dạng đăng lại)",Ngân Hàng TMCP Á Châu (ACB),DNB - Chuyên Viên Quan Hệ Khách Hàng Cá Nhân,fca0cca4-4ce4-4e31-958a-06af985db2fe,Junior,Đồng Nai,OPEN,2026-09-08,2026-11-01,,,vietnamworks.com,2,,,0,0,0
97,strict,cao,,cùng tỉnh + cùng level (cùng content_hash); cùng nguồn: vietnamworks.com; tất cả đã CLOSED,Ngân Hàng TMCP Á Châu (ACB),DNB - Chuyên Viên Quan Hệ Khách Hàng Doanh Nghiệp,7db37fb6-4c8c-4b15-9500-35013592470b,Junior,Đồng Nai,CLOSED,2026-08-30,2026-09-07,,,vietnamworks.com,1,,,0,0,0
97,strict,cao,x,cùng tỉnh + cùng level (cùng content_hash); cùng nguồn: vietnamworks.com; tất cả đã CLOSED,Ngân Hàng TMCP Á Châu (ACB),DNB - Chuyên Viên Quan Hệ Khách Hàng Doanh Nghiệp,a5edc9b4-2668-4270-8032-451d4718621a,Junior,Đồng Nai,CLOSED,2026-09-08,2026-10-03,,,vietnamworks.com,1,,,0,0,0
98,strict,cao,,"cùng tỉnh + cùng level (cùng content_hash); cùng nguồn: vietnamworks.com; 1 tin OPEN, còn lại đã đóng (dạng đăng lại)",Ngân Hàng TMCP Á Châu (ACB),TMO - UX Design Manager,dd87c8c6-7f62-45b2-8f81-b1a63c3692a6,Manager,Hồ Chí Minh,CLOSED,2026-08-26,2026-09-23,,,vietnamworks.com,1,,,0,0,0
98,strict,cao,x,"cùng tỉnh + cùng level (cùng content_hash); cùng nguồn: vietnamworks.com; 1 tin OPEN, còn lại đã đóng (dạng đăng lại)",Ngân Hàng TMCP Á Châu (ACB),TMO - UX Design Manager,3026a887-11eb-41e7-aaa9-f5b21c34f20d,Manager,Hồ Chí Minh,OPEN,2026-09-28,2026-10-23,,,vietnamworks.com,1,,,0,0,0
99,strict,cao,,"cùng tỉnh + cùng level (cùng content_hash); cùng nguồn: vietnamworks.com; 1 tin OPEN, còn lại đã đóng (dạng đăng lại)",Ngân Hàng TMCP Á Châu (ACB),TMO - UX Research Manager,9dc1bae1-c818-4788-ba3c-fd09b63271da,Manager,Hồ Chí Minh,CLOSED,2026-08-26,2026-09-23,,,vietnamworks.com,1,,,0,0,0
99,strict,cao,x,"cùng tỉnh + cùng level (cùng content_hash); cùng nguồn: vietnamworks.com; 1 tin OPEN, còn lại đã đóng (dạng đăng lại)",Ngân Hàng TMCP Á Châu (ACB),TMO - UX Research Manager,f24e1f3e-fa1c-4167-aa21-70b6c7e4feb2,Manager,Hồ Chí Minh,OPEN,2026-09-28,2026-10-23,,,vietnamworks.com,1,,,0,0,0
100,strict,cao,,"cùng tỉnh + cùng level (cùng content_hash); cùng nguồn: vietnamworks.com; 1 tin OPEN, còn lại đã đóng (dạng đăng lại)",Ngân Hàng TMCP Á Châu (ACB),TMO - Wealth Channel Service Model Lead,cbde0d7d-203a-4a94-bc1a-eb8eba7082bb,Lead,Hồ Chí Minh,CLOSED,2026-08-26,2026-09-23,,,vietnamworks.com,1,,,0,0,0
100,strict,cao,x,"cùng tỉnh + cùng level (cùng content_hash); cùng nguồn: vietnamworks.com; 1 tin OPEN, còn lại đã đóng (dạng đăng lại)",Ngân Hàng TMCP Á Châu (ACB),TMO - Wealth Channel Service Model Lead,57679830-5a6d-4e48-950a-3b0add290fe0,Lead,Hồ Chí Minh,OPEN,2026-09-28,2026-10-23,,,vietnamworks.com,1,,,0,0,0
101,strict,cao,,"cùng tỉnh + cùng level (cùng content_hash); cùng nguồn: vietnamworks.com; 1 tin OPEN, còn lại đã đóng (dạng đăng lại)",Ngân Hàng TMCP Á Châu (ACB),TMO - Wealth Organization Transformation Lead,3392e12d-b34b-462c-81f0-6040c1d7649b,Lead,Hồ Chí Minh,CLOSED,2026-08-26,2026-09-23,,,vietnamworks.com,1,,,0,0,0
101,strict,cao,x,"cùng tỉnh + cùng level (cùng content_hash); cùng nguồn: vietnamworks.com; 1 tin OPEN, còn lại đã đóng (dạng đăng lại)",Ngân Hàng TMCP Á Châu (ACB),TMO - Wealth Organization Transformation Lead,844563f8-5c98-41c8-8478-985c14292a92,Lead,Hồ Chí Minh,OPEN,2026-09-28,2026-10-23,,,vietnamworks.com,1,,,0,0,0
102,strict,cao,,"cùng tỉnh + cùng level (cùng content_hash); cùng nguồn: vietnamworks.com; 1 tin OPEN, còn lại đã đóng (dạng đăng lại)",Ngân Hàng TNHH MTV Kỷ Nguyên Thịnh Vượng - GPBank,Trưởng Phòng Quản Lý Kinh Doanh - Khối KHCN,767cb860-3b79-466d-bd1e-498f5ec354f1,Manager,Hà Nội,CLOSED,2026-08-30,2026-09-10,2000,,vietnamworks.com,1,,,0,0,0
102,strict,cao,x,"cùng tỉnh + cùng level (cùng content_hash); cùng nguồn: vietnamworks.com; 1 tin OPEN, còn lại đã đóng (dạng đăng lại)",Ngân Hàng TNHH MTV Kỷ Nguyên Thịnh Vượng - GPBank,Trưởng Phòng Quản Lý Kinh Doanh - Khối KHCN,cc85e845-518e-46dc-b339-08a8d2c69f94,Manager,Hà Nội,OPEN,2026-09-20,2026-10-10,2000,,vietnamworks.com,1,,,0,0,0
103,strict,cao,,"cùng tỉnh + cùng level (cùng content_hash); cùng nguồn: vietnamworks.com; 1 tin OPEN, còn lại đã đóng (dạng đăng lại)",Ngân Hàng Thương Mại Cổ Phần Thịnh Vượng Và Phát Triển (PGBANK),Chuyên Gia Tài chính Kinh Doanh (Lead Business Finance),2daf1c97-19d1-4eb8-a5a1-cb11b94ce65a,Lead,Hà Nội,CLOSED,2026-09-08,2026-09-18,,,vietnamworks.com,1,,,0,0,0
103,strict,cao,x,"cùng tỉnh + cùng level (cùng content_hash); cùng nguồn: vietnamworks.com; 1 tin OPEN, còn lại đã đóng (dạng đăng lại)",Ngân Hàng Thương Mại Cổ Phần Thịnh Vượng Và Phát Triển (PGBANK),Chuyên Gia Tài chính Kinh Doanh (Lead Business Finance),5b187165-03ab-4be7-b238-a2f9b2eb6f08,Lead,Hà Nội,OPEN,2026-09-20,2026-10-14,,,vietnamworks.com,1,,,0,0,0
104,strict,cao,,"cùng tỉnh + cùng level (cùng content_hash); cùng nguồn: vietnamworks.com; 1 tin OPEN, còn lại đã đóng (dạng đăng lại)",Ngân Hàng Thương Mại Cổ Phần Thịnh Vượng Và Phát Triển (PGBANK),Giám Đốc Trung Tâm Phát Triển Sản Phẩm Và Số Hóa,a48cfb81-c0dd-45e4-a57b-b28aa7b45bd5,Manager,Hà Nội,CLOSED,2026-09-30,2026-10-01,,,vietnamworks.com,1,,,0,0,0
104,strict,cao,x,"cùng tỉnh + cùng level (cùng content_hash); cùng nguồn: vietnamworks.com; 1 tin OPEN, còn lại đã đóng (dạng đăng lại)",Ngân Hàng Thương Mại Cổ Phần Thịnh Vượng Và Phát Triển (PGBANK),Giám Đốc Trung Tâm Phát Triển Sản Phẩm Và Số Hóa,eafbed86-28ca-44fa-813f-410f1d79d812,Manager,Hà Nội,OPEN,2026-10-03,2026-11-01,,,vietnamworks.com,1,,,0,0,0
105,strict,cao,,"cùng tỉnh + cùng level (cùng content_hash); cùng nguồn: vietnamworks.com; 1 tin OPEN, còn lại đã đóng (dạng đăng lại)",Ngân hàng Lộc Phát Việt Nam LPBank,[Bạc Liêu] Phó Giám Đốc Chi Nhánh Phụ Trách KHCN,46d869b3-5afa-4be0-8904-161b5295cb2b,Manager,Cà Mau,CLOSED,2026-09-08,2026-09-25,,,vietnamworks.com,1,,,0,0,0
105,strict,cao,x,"cùng tỉnh + cùng level (cùng content_hash); cùng nguồn: vietnamworks.com; 1 tin OPEN, còn lại đã đóng (dạng đăng lại)",Ngân hàng Lộc Phát Việt Nam LPBank,[Bạc Liêu] Phó Giám Đốc Chi Nhánh Phụ Trách KHCN,2338d94d-81ce-417a-b4f4-7d4256322ee9,Manager,Cà Mau,OPEN,2026-09-28,2026-10-25,,,vietnamworks.com,1,,,0,0,0
106,strict,cao,,"cùng tỉnh + cùng level (cùng content_hash); cùng nguồn: vietnamworks.com; 1 tin OPEN, còn lại đã đóng (dạng đăng lại)",Ngân hàng Lộc Phát Việt Nam LPBank,[Bạc Liêu] Trưởng Phòng Khách Hàng Cá Nhân,fd874eef-dda2-4c3c-98ec-4ca2a656d4f3,Manager,Cà Mau,CLOSED,2026-09-08,2026-09-25,,,vietnamworks.com,1,,,0,0,0
106,strict,cao,x,"cùng tỉnh + cùng level (cùng content_hash); cùng nguồn: vietnamworks.com; 1 tin OPEN, còn lại đã đóng (dạng đăng lại)",Ngân hàng Lộc Phát Việt Nam LPBank,[Bạc Liêu] Trưởng Phòng Khách Hàng Cá Nhân,322ebdb2-58b2-40bb-8b0a-28174906b215,Manager,Cà Mau,OPEN,2026-09-30,2026-10-25,,,vietnamworks.com,1,,,0,0,0
107,strict,cao,,"cùng tỉnh + cùng level (cùng content_hash); cùng nguồn: vietnamworks.com; 1 tin OPEN, còn lại đã đóng (dạng đăng lại)",Ngân hàng Lộc Phát Việt Nam LPBank,[Hà Nội] Phó Phòng Dữ Liệu và Phân Tích,ae5f87b4-2b88-4d29-81dc-7122dd068232,Lead,Hà Nội,CLOSED,2026-09-08,2026-09-24,,,vietnamworks.com,1,,,0,0,0
107,strict,cao,x,"cùng tỉnh + cùng level (cùng content_hash); cùng nguồn: vietnamworks.com; 1 tin OPEN, còn lại đã đóng (dạng đăng lại)",Ngân hàng Lộc Phát Việt Nam LPBank,[Hà Nội] Phó Phòng Dữ Liệu và Phân Tích,60310dc7-ef33-4922-95c6-9545a04137bb,Lead,Hà Nội,OPEN,2026-09-28,2026-10-24,,,vietnamworks.com,1,,,0,0,0
108,strict,cao,,"cùng tỉnh + cùng level (cùng content_hash); cùng nguồn: vietnamworks.com; 1 tin OPEN, còn lại đã đóng (dạng đăng lại)",Ngân hàng Lộc Phát Việt Nam LPBank,[Thanh Hóa] Trưởng Phòng Khách Hàng Cá Nhân,0d7239dc-1f26-4657-bdb6-43ced5dc434d,Manager,Thanh Hóa,CLOSED,2026-09-08,2026-09-25,,,vietnamworks.com,1,,,0,0,0
108,strict,cao,x,"cùng tỉnh + cùng level (cùng content_hash); cùng nguồn: vietnamworks.com; 1 tin OPEN, còn lại đã đóng (dạng đăng lại)",Ngân hàng Lộc Phát Việt Nam LPBank,[Thanh Hóa] Trưởng Phòng Khách Hàng Cá Nhân,a84959ca-ea31-4ff7-9e1b-cb9251fc3d8b,Manager,Thanh Hóa,OPEN,2026-09-28,2026-10-25,,,vietnamworks.com,1,,,0,0,0
109,strict,cao,,"cùng tỉnh + cùng level (cùng content_hash); cùng nguồn: vietnamworks.com; 1 tin OPEN, còn lại đã đóng (dạng đăng lại)",One Mount,Senior Training Specialist – Đào Tạo Đối Tác,b45f568f-8540-4018-81dc-0293509c146d,Senior,Hà Nội,CLOSED,2026-08-28,2026-09-28,,30000000,vietnamworks.com,1,,,0,0,0
109,strict,cao,x,"cùng tỉnh + cùng level (cùng content_hash); cùng nguồn: vietnamworks.com; 1 tin OPEN, còn lại đã đóng (dạng đăng lại)",One Mount,Senior Training Specialist – Đào Tạo Đối Tác,8a84e8ac-db03-4146-89ad-5cfb1a0a581e,Senior,Hà Nội,OPEN,2026-10-03,2026-10-28,,30000000,vietnamworks.com,1,,,0,0,0
110,strict,cao,,cùng tỉnh + cùng level (cùng content_hash); cùng nguồn: careerviet.vn; tất cả đã CLOSED,Phu Hung Securities Corporation,Business Analyst (Customer Care Center),df4f1535-97cb-4abc-b29f-83952cb2c826,Middle,Hồ Chí Minh,CLOSED,2026-08-26,2026-08-31,,,careerviet.vn,1,,,0,0,0
110,strict,cao,x,cùng tỉnh + cùng level (cùng content_hash); cùng nguồn: careerviet.vn; tất cả đã CLOSED,Phu Hung Securities Corporation,Business Analyst (Customer Care Center),5dd9ee71-78eb-473f-b126-37259d9a56f9,Middle,Hồ Chí Minh,CLOSED,2026-09-08,2026-09-30,,,careerviet.vn,1,,,0,0,0
111,strict,cao,x,cùng tỉnh + cùng level (cùng content_hash); cùng nguồn: careerviet.vn; tất cả đã CLOSED,SAMTEC VIETNAM COMPANY LIMITED,Customer Quality Engineer (CQE),b779c538-67d0-49a5-81ef-d55297b097b7,Lead,Đồng Nai,CLOSED,2026-08-28,2026-09-30,,,careerviet.vn,1,,,0,0,0
111,strict,cao,,cùng tỉnh + cùng level (cùng content_hash); cùng nguồn: careerviet.vn; tất cả đã CLOSED,SAMTEC VIETNAM COMPANY LIMITED,Customer Quality Engineer (CQE),b8e070ea-7977-4e2c-8c5d-af640d0303b6,Lead,Đồng Nai,CLOSED,2026-10-03,2026-09-30,,,careerviet.vn,1,,,0,0,0
112,strict,cao,x,"cùng tỉnh + cùng level (cùng content_hash); khác nguồn: topcv.vn, vietnamworks.com; 1 tin OPEN, còn lại đã đóng (dạng đăng lại)",SHINHAN FINANCE,Java Development Assistant Manager (Ai-Driven Development),2bcf3fc2-41b1-400a-af46-a2477e75e1b2,Manager,Hồ Chí Minh,CLOSED,2026-09-28,2026-10-22,,,vietnamworks.com,1,x,,0,0,0
112,strict,cao,,"cùng tỉnh + cùng level (cùng content_hash); khác nguồn: topcv.vn, vietnamworks.com; 1 tin OPEN, còn lại đã đóng (dạng đăng lại)",SHINHAN FINANCE,Java Development Assistant Manager (Ai-Driven Development),d11f6624-6e76-40be-97de-aaca9c73df0b,Manager,Hồ Chí Minh,OPEN,2026-09-28,2026-10-22,,,topcv.vn,1,,,0,0,0
113,strict,cao,,cùng tỉnh + cùng level (cùng content_hash); cùng nguồn: vietnamworks.com; tất cả đã CLOSED,Saint-Gobain Vietnam,Sales Trainee (Concrete),e60f9697-4a6d-4d01-bde3-64535fae836c,Junior,Hà Nội,CLOSED,2026-08-26,2026-09-17,,,vietnamworks.com,1,,,0,0,0
113,strict,cao,x,cùng tỉnh + cùng level (cùng content_hash); cùng nguồn: vietnamworks.com; tất cả đã CLOSED,Saint-Gobain Vietnam,Sales Trainee (Concrete),59764f6a-fc53-4157-90a2-5143177f766f,Junior,Hà Nội,CLOSED,2026-09-08,2026-10-01,,,vietnamworks.com,1,,,0,0,0
114,strict,cao,,cùng tỉnh + cùng level (cùng content_hash); cùng nguồn: vietnamworks.com; tất cả đã CLOSED,"Shindengen Vietnam Co., Ltd",Tuyển Gấp - Lập Trình Viên (IT Software) - Làm Việc Tại Hưng Yên - KCN Thăng Long II,adfa3d5d-f251-4cd5-a98b-9c5c72b2b6e2,Junior,Hưng Yên,CLOSED,2026-08-26,2026-08-30,,,vietnamworks.com,1,,,0,0,0
114,strict,cao,x,cùng tỉnh + cùng level (cùng content_hash); cùng nguồn: vietnamworks.com; tất cả đã CLOSED,"Shindengen Vietnam Co., Ltd",Tuyển Gấp - Lập Trình Viên (IT Software) - Làm Việc Tại Hưng Yên - KCN Thăng Long II,ac5713ed-741a-4bc4-a838-f9f0e31d938e,Junior,Hưng Yên,CLOSED,2026-09-08,2026-10-02,,,vietnamworks.com,1,,,0,0,0
115,strict,cao,,"cùng tỉnh + cùng level (cùng content_hash); cùng nguồn: vietnamworks.com; 1 tin OPEN, còn lại đã đóng (dạng đăng lại)","Sumitomo NACCO Forklift Vietnam Co., Ltd.",Kỹ Sư Thiết Kế (Phần Mềm Điều Khiển Xe Nâng),d5b95c2d-8e28-422a-aecc-939beb77d6a9,Junior,Hà Nội,CLOSED,2026-08-28,2026-09-07,,,vietnamworks.com,1,,,0,0,0
115,strict,cao,x,"cùng tỉnh + cùng level (cùng content_hash); cùng nguồn: vietnamworks.com; 1 tin OPEN, còn lại đã đóng (dạng đăng lại)","Sumitomo NACCO Forklift Vietnam Co., Ltd.",Kỹ Sư Thiết Kế (Phần Mềm Điều Khiển Xe Nâng),e577a403-00a9-4b0e-8ebb-518783faf01a,Junior,Hà Nội,OPEN,2026-09-08,2026-10-07,,,vietnamworks.com,1,,,0,0,0
116,strict,cao,,"cùng tỉnh + cùng level (cùng content_hash); cùng nguồn: vietnamworks.com; 1 tin OPEN, còn lại đã đóng (dạng đăng lại)",Techcombank,"Senior Expert, Business Design & Campaign Management",af77ac47-1b69-49ed-a8b5-325b52edd465,Senior,Hà Nội,CLOSED,2026-08-30,2026-09-26,,,vietnamworks.com,1,,,0,0,0
116,strict,cao,x,"cùng tỉnh + cùng level (cùng content_hash); cùng nguồn: vietnamworks.com; 1 tin OPEN, còn lại đã đóng (dạng đăng lại)",Techcombank,"Senior Expert, Business Design & Campaign Management",6f90d24e-a1cb-4860-97fd-c66422144879,Senior,Hà Nội,OPEN,2026-10-03,2026-10-30,,,vietnamworks.com,1,,,0,0,0
117,strict,cao,,"cùng tỉnh + cùng level (cùng content_hash); cùng nguồn: vietnamworks.com; 1 tin OPEN, còn lại đã đóng (dạng đăng lại)",Trường Đại Học Đại Nam,Chuyên Viên Công Nghệ Giáo Dục,5e084c01-0305-4abd-92d5-ad0b8e505fd0,Junior,Hà Nội,CLOSED,2026-09-08,2026-09-15,,,vietnamworks.com,1,,,0,0,0
117,strict,cao,x,"cùng tỉnh + cùng level (cùng content_hash); cùng nguồn: vietnamworks.com; 1 tin OPEN, còn lại đã đóng (dạng đăng lại)",Trường Đại Học Đại Nam,Chuyên Viên Công Nghệ Giáo Dục,d5b19fab-2510-49ba-b508-c911c0b32d36,Junior,Hà Nội,OPEN,2026-09-20,2026-10-15,,,vietnamworks.com,1,,,0,0,0
118,strict,cao,,"cùng tỉnh + cùng level (cùng content_hash); cùng nguồn: vietnamworks.com; 1 tin OPEN, còn lại đã đóng (dạng đăng lại)",Tổng Công Ty Bảo Hiểm BIDV (BIC),Cán Bộ Kinh Doanh (Toàn Quốc),571ac2ba-1fbf-4e2f-8878-ff7a52c22ebc,Junior,Hà Nội,CLOSED,2026-08-26,2026-09-13,400,1500,vietnamworks.com,1,,,0,0,0
118,strict,cao,x,"cùng tỉnh + cùng level (cùng content_hash); cùng nguồn: vietnamworks.com; 1 tin OPEN, còn lại đã đóng (dạng đăng lại)",Tổng Công Ty Bảo Hiểm BIDV (BIC),Cán Bộ Kinh Doanh (Toàn Quốc),f074a2e2-e737-4431-afeb-b6c677cbefc3,Junior,Hà Nội,OPEN,2026-09-20,2026-10-18,400,1500,vietnamworks.com,1,,,0,0,0
119,strict,cao,,"cùng tỉnh + cùng level (cùng content_hash); cùng nguồn: careerviet.vn; 1 tin OPEN, còn lại đã đóng (dạng đăng lại)",Tổng Công Ty Chuyển Phát Nhanh Bưu Điện,[TT CNTT] - Chuyên viên quản trị cơ sở dữ liệu (DBA),1abd726e-748c-4731-a710-7ff4550b25ed,Senior,Hà Nội,CLOSED,2026-08-26,2026-08-29,,,careerviet.vn,1,,,0,0,0
119,strict,cao,x,"cùng tỉnh + cùng level (cùng content_hash); cùng nguồn: careerviet.vn; 1 tin OPEN, còn lại đã đóng (dạng đăng lại)",Tổng Công Ty Chuyển Phát Nhanh Bưu Điện,[TT CNTT] - Chuyên viên quản trị cơ sở dữ liệu (DBA),6b297e57-e5e6-4a4e-9964-600db0ca8358,Senior,Hà Nội,OPEN,2026-10-03,2026-10-31,,,careerviet.vn,1,,,0,0,0
120,strict,cao,,"cùng tỉnh + cùng level (cùng content_hash); cùng nguồn: careerviet.vn; 1 tin OPEN, còn lại đã đóng (dạng đăng lại)","UNIEXPORT CO., LTD",Pricing Executive,96815c22-cbae-4c5a-b529-5567d1ebf5fc,Middle,Hồ Chí Minh,CLOSED,2026-09-08,2026-09-05,,,careerviet.vn,1,,,0,0,0
120,strict,cao,x,"cùng tỉnh + cùng level (cùng content_hash); cùng nguồn: careerviet.vn; 1 tin OPEN, còn lại đã đóng (dạng đăng lại)","UNIEXPORT CO., LTD",Pricing Executive,dc44735b-67ad-4e5b-9e86-7e46a4863f0e,Middle,Hồ Chí Minh,OPEN,2026-09-28,2026-10-15,,,careerviet.vn,1,,,0,0,0
121,strict,cao,,"cùng tỉnh + cùng level (cùng content_hash); cùng nguồn: careerviet.vn; 1 tin OPEN, còn lại đã đóng (dạng đăng lại)","Un-Available LTD Co.,",ERP Business Analyst,ba6a4cac-2f33-4c7a-a68d-ecc22254b221,Middle,Hồ Chí Minh,CLOSED,2026-09-08,2026-09-21,,,careerviet.vn,1,,,0,0,0
121,strict,cao,x,"cùng tỉnh + cùng level (cùng content_hash); cùng nguồn: careerviet.vn; 1 tin OPEN, còn lại đã đóng (dạng đăng lại)","Un-Available LTD Co.,",ERP Business Analyst,b720b57c-bec0-4647-80c4-c65f985709b0,Middle,Hồ Chí Minh,OPEN,2026-09-28,2026-10-15,,,careerviet.vn,1,,,0,0,0
122,strict,cao,,"cùng tỉnh + cùng level (cùng content_hash); cùng nguồn: topcv.vn; 1 tin OPEN, còn lại đã đóng (dạng đăng lại)",Unit Corp,Business Analyst Lead,ac78b307-d4b8-4920-9b93-5fb261e28cd2,Lead,Hồ Chí Minh,CLOSED,2026-09-09,2026-09-11,,,topcv.vn,1,,,0,0,0
122,strict,cao,x,"cùng tỉnh + cùng level (cùng content_hash); cùng nguồn: topcv.vn; 1 tin OPEN, còn lại đã đóng (dạng đăng lại)",Unit Corp,Business Analyst Lead,5032c097-2697-444b-916a-0b9159f9622a,Lead,Hồ Chí Minh,OPEN,2026-09-20,2026-10-15,,,topcv.vn,1,,,0,0,0
123,strict,cao,,"cùng tỉnh + cùng level (cùng content_hash); cùng nguồn: vietnamworks.com; 1 tin OPEN, còn lại đã đóng (dạng đăng lại)",United Overseas Bank (Vietnam) Limited (UOB),Performance Management Lead,35f41d71-2118-492b-91f5-a73b790056c2,Lead,Hồ Chí Minh,CLOSED,2026-09-01,2026-09-28,,,vietnamworks.com,1,,,0,0,0
123,strict,cao,x,"cùng tỉnh + cùng level (cùng content_hash); cùng nguồn: vietnamworks.com; 1 tin OPEN, còn lại đã đóng (dạng đăng lại)",United Overseas Bank (Vietnam) Limited (UOB),Performance Management Lead,3c2c101a-82d2-44ec-8924-5ad428b5a43f,Lead,Hồ Chí Minh,OPEN,2026-10-03,2026-10-31,,,vietnamworks.com,1,,,0,0,0
124,strict,cao,x,cùng tỉnh + cùng level (cùng content_hash); cùng nguồn: careerviet.vn; tất cả đã CLOSED,Vietnam Furniture Resources (VFR),Data Analyst – Costing,d52aec8d-c740-4305-8af7-e1d8e6aa3ae8,Middle,Hồ Chí Minh,CLOSED,2026-09-08,2026-09-15,,,careerviet.vn,1,,,0,0,0
124,strict,cao,,cùng tỉnh + cùng level (cùng content_hash); cùng nguồn: careerviet.vn; tất cả đã CLOSED,Vietnam Furniture Resources (VFR),Data Analyst – Costing,2dd5f152-a9dc-4cd0-851a-359bf41f7f6f,Middle,Hồ Chí Minh,CLOSED,2026-09-28,2026-09-15,,,careerviet.vn,1,,,0,0,0
125,strict,cao,x,"cùng tỉnh + cùng level (cùng content_hash); khác nguồn: careerviet.vn, topcv.vn; tất cả đã CLOSED",Viettel IDC,Business Analyst,5819d671-1cfc-4d84-9363-797addf4891c,Middle,Hà Nội,CLOSED,2026-09-08,2026-09-14,,,careerviet.vn,1,x,,0,0,0
125,strict,cao,,"cùng tỉnh + cùng level (cùng content_hash); khác nguồn: careerviet.vn, topcv.vn; tất cả đã CLOSED",Viettel IDC,Business Analyst,dfd365c1-e069-4dee-b0b4-a178f8ee890b,Middle,Hà Nội,CLOSED,2026-09-09,2026-09-30,,,topcv.vn,1,,,0,0,0
126,strict,cao,x,"cùng tỉnh + cùng level (cùng content_hash); khác nguồn: careerviet.vn, topcv.vn; 1 tin OPEN, còn lại đã đóng (dạng đăng lại)",Viettel IDC,Data Analyst,88c0aae7-40c1-49f0-96f9-c56da34ec468,Middle,Hà Nội,OPEN,2026-08-26,2026-10-31,,,topcv.vn,1,,,0,0,0
126,strict,cao,,"cùng tỉnh + cùng level (cùng content_hash); khác nguồn: careerviet.vn, topcv.vn; 1 tin OPEN, còn lại đã đóng (dạng đăng lại)",Viettel IDC,Data Analyst,10226f80-906e-48f4-a18c-0e1129567019,Middle,Hà Nội,CLOSED,2026-09-08,2026-08-31,,,careerviet.vn,1,,,0,0,0
127,strict,cao,,"cùng tỉnh + cùng level (cùng content_hash); cùng nguồn: vietnamworks.com; 1 tin OPEN, còn lại đã đóng (dạng đăng lại)",Viettel Peru S.A,Giám Đốc Công Ty Ví Điện Tử Bipay,5184e212-697c-4b18-9761-b32f00b85665,Manager,Khác,CLOSED,2026-09-20,2026-09-30,2000,5000,vietnamworks.com,1,,,0,0,0
127,strict,cao,x,"cùng tỉnh + cùng level (cùng content_hash); cùng nguồn: vietnamworks.com; 1 tin OPEN, còn lại đã đóng (dạng đăng lại)",Viettel Peru S.A,Giám Đốc Công Ty Ví Điện Tử Bipay,0058faad-d1c0-4b5f-bbc8-cd090dc71868,Manager,Khác,OPEN,2026-10-03,2026-10-30,2000,5000,vietnamworks.com,1,,,0,0,0
128,strict,cao,,"cùng tỉnh + cùng level (cùng content_hash); cùng nguồn: vietnamworks.com; 1 tin OPEN, còn lại đã đóng (dạng đăng lại)",Đại Học FPT TP.HCM,Giảng Viên Nghiên Cứu Viên Công Nghệ Thông Tin,bd7e6868-5ca6-4fde-a3c0-b0ab2b0d4008,Junior,Hồ Chí Minh,CLOSED,2026-08-28,2026-09-06,,,vietnamworks.com,1,,,0,0,0
128,strict,cao,x,"cùng tỉnh + cùng level (cùng content_hash); cùng nguồn: vietnamworks.com; 1 tin OPEN, còn lại đã đóng (dạng đăng lại)",Đại Học FPT TP.HCM,Giảng Viên Nghiên Cứu Viên Công Nghệ Thông Tin,f9a4130c-58f7-45c7-9bf4-af773603d0f0,Junior,Hồ Chí Minh,OPEN,2026-09-28,2026-10-24,,,vietnamworks.com,1,,,0,0,0
129,strict,cần xem,,"cùng tỉnh + cùng level (cùng content_hash); khác nguồn: topcv.vn, vietnamworks.com; 2 tin cùng đang OPEN",NGÂN HÀNG TMCP QUÂN ĐỘI – MBBANK,Business Analyst (Chinese)  - Khối Công Nghệ Thông Tin (2026TD450181),9a3aebd0-c0e1-4381-8da4-26dbbe580e8d,Junior,Hà Nội,CLOSED,2026-09-08,2026-09-24,,,topcv.vn,1,,,0,0,0
129,strict,cần xem,,"cùng tỉnh + cùng level (cùng content_hash); khác nguồn: topcv.vn, vietnamworks.com; 2 tin cùng đang OPEN",NGÂN HÀNG TMCP QUÂN ĐỘI – MBBANK,Business Analyst (Chinese) - Khối Công nghệ thông tin (2026TD450181),d9948b8d-817f-4114-8ca4-294146a6a156,Junior,Hà Nội,OPEN,2026-09-28,2026-10-22,,,vietnamworks.com,1,,,0,0,0
129,strict,cần xem,x,"cùng tỉnh + cùng level (cùng content_hash); khác nguồn: topcv.vn, vietnamworks.com; 2 tin cùng đang OPEN",NGÂN HÀNG TMCP QUÂN ĐỘI – MBBANK,Business Analyst (Chinese)  - Khối Công Nghệ Thông Tin (2026TD450181),8a675e05-532a-499e-8b2a-b1f77639af88,Junior,Hà Nội,OPEN,2026-09-30,2026-10-29,,,topcv.vn,1,,,0,0,0
130,strict,cần xem,,"cùng tỉnh + cùng level (cùng content_hash); khác nguồn: topcv.vn, vietnamworks.com; 2 tin cùng đang OPEN",CÔNG TY CỔ PHẦN CHỨNG KHOÁN MIRAE ASSET (VIỆT NAM),Chuyên Viên Phân Tích Nghiệp Vụ Chứng Khoán,171485fb-7a4b-4ba5-841b-7888811e4bed,Middle,Hồ Chí Minh,OPEN,2026-09-20,2026-10-10,,,topcv.vn,1,,,0,0,0
130,strict,cần xem,x,"cùng tỉnh + cùng level (cùng content_hash); khác nguồn: topcv.vn, vietnamworks.com; 2 tin cùng đang OPEN",CÔNG TY CỔ PHẦN CHỨNG KHOÁN MIRAE ASSET (VIỆT NAM),Chuyên viên Phân tích Nghiệp vụ Chứng khoán,f1cc971f-4239-4e1e-b6ed-3884aa2312c0,Middle,Hồ Chí Minh,OPEN,2026-09-28,2026-10-21,20000000,40000000,vietnamworks.com,1,,,0,0,0
131,strict,cần xem,x,cùng tỉnh + cùng level (cùng content_hash); cùng nguồn: vietnamworks.com; 2 tin cùng đang OPEN,CÔNG TY CỔ PHẦN KINH DOANH F88,DevOps/Platform Engineer,c6ff0263-fa60-456f-a9bc-2ba506789a60,Middle,Hà Nội,OPEN,2026-09-28,2026-10-28,500,1200,vietnamworks.com,1,,,0,0,0
131,strict,cần xem,,cùng tỉnh + cùng level (cùng content_hash); cùng nguồn: vietnamworks.com; 2 tin cùng đang OPEN,CÔNG TY CỔ PHẦN KINH DOANH F88,DevOps/Platform Engineer,64cb42cb-e445-4225-8252-d2f2517ccf40,Middle,Hà Nội,OPEN,2026-10-03,2026-10-28,500,1200,vietnamworks.com,1,,,0,0,0
132,strict,cần xem,x,cùng tỉnh + cùng level (cùng content_hash); cùng nguồn: topcv.vn; 2 tin cùng đang OPEN,CÔNG TY CỔ PHẦN TRƯỜNG HỌC CÔNG NGHỆ MINDX,Finance & Data Senior,c722ebb4-d42b-4c2e-9628-0f1158a90097,Senior,Hà Nội,OPEN,2026-09-20,2026-10-15,15000000,30000000,topcv.vn,1,,,0,0,0
132,strict,cần xem,,cùng tỉnh + cùng level (cùng content_hash); cùng nguồn: topcv.vn; 2 tin cùng đang OPEN,CÔNG TY CỔ PHẦN TRƯỜNG HỌC CÔNG NGHỆ MINDX,Finance & Data Senior,de55a119-43b7-461d-835b-66e5fa7da65e,Senior,Hà Nội,OPEN,2026-09-20,2026-10-14,15000000,30000000,topcv.vn,1,,,0,0,0
133,strict,cần xem,x,cùng tỉnh + cùng level (cùng content_hash); cùng nguồn: vietnamworks.com; 2 tin cùng đang OPEN,CÔNG TY CỔ PHẦN TẬP ĐOÀN LORCA,Nhân Viên Vận Hành Sàn Thương Mại Điện Tử,7008504f-5cad-4dcd-9f7b-ffc467dfa022,Middle,Hà Nội,OPEN,2026-09-20,2026-10-10,15000000,20000000,vietnamworks.com,1,,,0,0,0
133,strict,cần xem,,cùng tỉnh + cùng level (cùng content_hash); cùng nguồn: vietnamworks.com; 2 tin cùng đang OPEN,CÔNG TY CỔ PHẦN TẬP ĐOÀN LORCA,Nhân Viên Vận Hành Sàn Thương Mại Điện Tử,eb6a7eaa-740a-43a1-923c-843f2781bea8,Middle,Hà Nội,OPEN,2026-10-03,2026-10-10,15000000,20000000,vietnamworks.com,1,,,0,0,0
134,strict,cần xem,x,cùng tỉnh + cùng level (cùng content_hash); cùng nguồn: vietnamworks.com; 2 tin cùng đang OPEN,Công Ty Ô Tô Toyota Việt Nam,Nhân Viên Phụ Trách Fleet Sales (O_FOD2609),31219a9d-629e-4aef-970e-98770b285c4c,Fresher,Hà Nội,OPEN,2026-09-20,2026-10-16,,,vietnamworks.com,1,,,0,0,0
134,strict,cần xem,,cùng tỉnh + cùng level (cùng content_hash); cùng nguồn: vietnamworks.com; 2 tin cùng đang OPEN,Công Ty Ô Tô Toyota Việt Nam,Nhân Viên Phụ Trách Fleet Sales (O_FOD2609),efa8bbc1-ad4d-4ab1-82fa-ba240d317928,Fresher,Hà Nội,OPEN,2026-10-03,2026-10-16,,,vietnamworks.com,1,,,0,0,0
135,strict,cần xem,x,"cùng tỉnh + cùng level (cùng content_hash); khác nguồn: careerviet.vn, topcv.vn; 2 tin cùng đang OPEN",Công ty TNHH MTV Công nghệ Tin học Viễn Sơn,Data Analyst,85336ef7-2e1b-4540-84cb-16883fcfeaba,Middle,Hồ Chí Minh,OPEN,2026-09-20,2026-10-31,,,careerviet.vn,1,,,0,0,0
135,strict,cần xem,,"cùng tỉnh + cùng level (cùng content_hash); khác nguồn: careerviet.vn, topcv.vn; 2 tin cùng đang OPEN",Công ty TNHH MTV Công nghệ Tin học Viễn Sơn,Data Analyst,12dd5369-aefd-40ba-8bc4-2de8d5b43b78,Middle,Hồ Chí Minh,OPEN,2026-09-20,2026-10-17,,,topcv.vn,1,,,0,0,0
136,strict,cần xem,x,cùng tỉnh + cùng level (cùng content_hash); cùng nguồn: vietnamworks.com; 2 tin cùng đang OPEN,FPT Software,AI Engineer (LLM/RAG) - Signing Bonus Up to 30M,4a84f5f1-1688-462d-b1e8-5e065c2e54c6,Middle,Hồ Chí Minh,OPEN,2026-09-08,2026-10-08,,30000000,vietnamworks.com,1,,,0,0,0
136,strict,cần xem,,cùng tỉnh + cùng level (cùng content_hash); cùng nguồn: vietnamworks.com; 2 tin cùng đang OPEN,FPT Software,AI Engineer (LLM/RAG) - Signing Bonus Up to 30M,9a9653ae-0831-436b-a4f5-9f0c7c58e5fb,Middle,Hồ Chí Minh,OPEN,2026-10-03,2026-10-08,,30000000,vietnamworks.com,1,,,0,0,0
137,strict,cần xem,x,cùng tỉnh + cùng level (cùng content_hash); cùng nguồn: vietnamworks.com; 2 tin cùng đang OPEN,One Mount,Product Owner (Business Analyst),b67bec07-2343-4919-bb5b-9244d9d8d0ef,Senior,Hà Nội,OPEN,2026-09-20,2026-10-17,,,vietnamworks.com,1,,,0,0,0
137,strict,cần xem,,cùng tỉnh + cùng level (cùng content_hash); cùng nguồn: vietnamworks.com; 2 tin cùng đang OPEN,One Mount,Product Owner (Business Analyst),4731b86b-d78b-448c-a6cb-46a844a42374,Senior,Hà Nội,OPEN,2026-10-03,2026-10-17,,,vietnamworks.com,1,,,0,0,0
138,strict,cần xem,,"cùng tỉnh + cùng level (cùng content_hash); khác nguồn: careerviet.vn, vietnamworks.com; 2 tin cùng đang OPEN",Saint-Gobain Vietnam,[Hà Nội] Senior Business Analyst,e3b88b12-6b01-4423-82ba-89014d6aa7f4,Senior,Hà Nội,OPEN,2026-09-28,2026-10-22,,,vietnamworks.com,1,,,0,0,0
138,strict,cần xem,x,"cùng tỉnh + cùng level (cùng content_hash); khác nguồn: careerviet.vn, vietnamworks.com; 2 tin cùng đang OPEN",Saint-Gobain Vietnam,[Hà Nội] Senior Business Analyst,18ee80fc-f979-47ee-81d6-0535d6eb15a0,Senior,Hà Nội,OPEN,2026-09-28,2026-10-31,,,careerviet.vn,1,,,0,0,0
139,level,cần xem,x,"cùng tỉnh, KHÁC level; khác nguồn: careerviet.vn, topcv.vn; tất cả đã CLOSED",Amkor Technology Việt Nam,Data & Automation Analyst (Production Control),28892ac1-3030-4fb5-b58c-f8c6884339ae,Lead,Bắc Ninh,CLOSED,2026-08-26,2026-10-10,,,careerviet.vn,1,x,,0,0,0
139,level,cần xem,,"cùng tỉnh, KHÁC level; khác nguồn: careerviet.vn, topcv.vn; tất cả đã CLOSED",Amkor Technology Việt Nam,Data & Automation Analyst (Production Control),992a6c85-23cd-4568-80f7-bae71e1f3b30,Junior,Bắc Ninh,CLOSED,2026-09-08,2026-09-30,,,topcv.vn,1,,,0,0,0
139,level,cần xem,,"cùng tỉnh, KHÁC level; khác nguồn: careerviet.vn, topcv.vn; tất cả đã CLOSED",Amkor Technology Việt Nam,Data & Automation Analyst (Production Control),fce83d9b-2d25-46d0-b40d-4ef4b196beb5,Lead,Bắc Ninh,CLOSED,2026-09-20,2026-10-10,,,careerviet.vn,1,x,,0,0,0
140,level,cần xem,,"cùng tỉnh, KHÁC level; khác nguồn: careerviet.vn, topcv.vn, vietnamworks.com; tất cả đã CLOSED",CÔNG TY CỔ PHẦN CHUỖI THỰC PHẨM TH,Data Analytics Executive,782a173d-8065-404a-9912-9f17ce87e96e,Middle,Hà Nội,CLOSED,2026-08-26,2026-09-12,20000000,25000000,topcv.vn,1,,,0,0,0
140,level,cần xem,,"cùng tỉnh, KHÁC level; khác nguồn: careerviet.vn, topcv.vn, vietnamworks.com; tất cả đã CLOSED",CÔNG TY CỔ PHẦN CHUỖI THỰC PHẨM TH,Data Analytics Executive,70529ca6-3902-4ede-971c-50896b465dd7,Lead,Hà Nội,CLOSED,2026-08-28,2026-09-12,,,careerviet.vn,1,x,,0,0,0
140,level,cần xem,x,"cùng tỉnh, KHÁC level; khác nguồn: careerviet.vn, topcv.vn, vietnamworks.com; tất cả đã CLOSED",CÔNG TY CỔ PHẦN CHUỖI THỰC PHẨM TH,Data Analytics Executive,d1f9cb3a-71a8-496c-a344-a91ccf8048d6,Junior,Hà Nội,CLOSED,2026-09-08,2026-09-15,20000000,25000000,vietnamworks.com,1,x,,0,0,0
141,level,cần xem,x,"cùng tỉnh, KHÁC level; khác nguồn: careerviet.vn, vietnamworks.com; 1 tin OPEN, còn lại đã đóng (dạng đăng lại)",Ngân Hàng TMCP Quân Đội,Phó Phòng Công Nghệ Mô Hình - Deputy Head Of Machine Learning Engineering - Khối Dữ Liệu (2026TD456609),9ee43b89-6f06-478c-a36d-937bcf0dd572,Junior,Hà Nội,CLOSED,2026-08-26,2026-09-18,,,vietnamworks.com,1,x,,0,0,0
141,level,cần xem,,"cùng tỉnh, KHÁC level; khác nguồn: careerviet.vn, vietnamworks.com; 1 tin OPEN, còn lại đã đóng (dạng đăng lại)",Ngân Hàng TMCP Quân Đội,Phó phòng Công nghệ Mô hình - Deputy Head of Machine Learning Engineering - Khối Dữ liệu (2026TD456609),e6629627-20c0-4e9e-b0ce-e4956c6e51f3,Lead,Hà Nội,CLOSED,2026-08-28,2026-09-26,,,careerviet.vn,1,,,0,0,0
141,level,cần xem,,"cùng tỉnh, KHÁC level; khác nguồn: careerviet.vn, vietnamworks.com; 1 tin OPEN, còn lại đã đóng (dạng đăng lại)",Ngân Hàng TMCP Quân Đội,Phó phòng Công nghệ Mô hình - Deputy Head of Machine Learning Engineering - Khối Dữ liệu (2026TD456609),da89bc54-3a86-43d4-9f12-60fecf7581f1,Lead,Hà Nội,OPEN,2026-09-28,2026-10-22,,,careerviet.vn,1,,,0,0,0
142,level,cần xem,x,"cùng tỉnh, KHÁC level; khác nguồn: careerviet.vn, topcv.vn; 1 tin OPEN, còn lại đã đóng (dạng đăng lại)",Viettel IDC,Data Engineer,6a34035c-83b3-483b-b003-d9281b2bec02,Senior,Hà Nội,CLOSED,2026-08-26,2026-09-20,,,careerviet.vn,1,x,,0,0,0
142,level,cần xem,,"cùng tỉnh, KHÁC level; khác nguồn: careerviet.vn, topcv.vn; 1 tin OPEN, còn lại đã đóng (dạng đăng lại)",Viettel IDC,Data Engineer,af615d95-c7a3-4c04-930f-b04675288662,Lead,Hà Nội,CLOSED,2026-08-26,2026-09-14,,,careerviet.vn,1,x,,0,0,0
142,level,cần xem,,"cùng tỉnh, KHÁC level; khác nguồn: careerviet.vn, topcv.vn; 1 tin OPEN, còn lại đã đóng (dạng đăng lại)",Viettel IDC,Data Engineer,a1cdc3de-f54c-4101-973b-945cb991ada5,Middle,Hà Nội,OPEN,2026-09-20,2026-10-15,,,topcv.vn,1,,,0,0,0
143,level,cần xem,,"cùng tỉnh, KHÁC level; cùng nguồn: vietnamworks.com; 1 tin OPEN, còn lại đã đóng (dạng đăng lại)",ABBank - Ngân Hàng TMCP An Bình,Chuyên Gia Cao Cấp Tăng Trưởng Số,afdfd0ce-324e-4b3a-842b-0117e59c9b36,Junior,Hà Nội,CLOSED,2026-09-08,2026-09-25,40000000,60000000,vietnamworks.com,1,,,0,0,0
143,level,cần xem,x,"cùng tỉnh, KHÁC level; cùng nguồn: vietnamworks.com; 1 tin OPEN, còn lại đã đóng (dạng đăng lại)",ABBank - Ngân Hàng TMCP An Bình,Chuyên Gia Cao Cấp Tăng Trưởng Số,637c80e0-5bc2-402a-9fc3-7289857a51c8,Lead,Hà Nội,OPEN,2026-09-28,2026-10-25,40000000,60000000,vietnamworks.com,1,,,0,0,0
144,level,cần xem,,"cùng tỉnh, KHÁC level; cùng nguồn: vietnamworks.com; 1 tin OPEN, còn lại đã đóng (dạng đăng lại)",ABBank - Ngân Hàng TMCP An Bình,Chuyên Gia Phát Triển Sản Phẩm Số,3c334d03-fdb0-440a-b5c6-0ab0b4c92020,Junior,Hà Nội,CLOSED,2026-09-08,2026-09-25,35000000,45000000,vietnamworks.com,1,,,0,0,0
144,level,cần xem,x,"cùng tỉnh, KHÁC level; cùng nguồn: vietnamworks.com; 1 tin OPEN, còn lại đã đóng (dạng đăng lại)",ABBank - Ngân Hàng TMCP An Bình,Chuyên Gia Phát Triển Sản Phẩm Số,fa30447c-7ff2-40ef-b933-b77c5aa40b14,Lead,Hà Nội,OPEN,2026-09-28,2026-10-25,35000000,45000000,vietnamworks.com,1,,,0,0,0
145,level,cần xem,,"cùng tỉnh, KHÁC level; cùng nguồn: vietnamworks.com; 1 tin OPEN, còn lại đã đóng (dạng đăng lại)",ABBank - Ngân Hàng TMCP An Bình,Chuyên Gia Phân Tích Nghiệp Vụ Số,b36db2eb-8f75-4790-b408-6c0be1c364c6,Junior,Hà Nội,CLOSED,2026-09-08,2026-09-25,30000000,45000000,vietnamworks.com,1,,,0,0,0
145,level,cần xem,x,"cùng tỉnh, KHÁC level; cùng nguồn: vietnamworks.com; 1 tin OPEN, còn lại đã đóng (dạng đăng lại)",ABBank - Ngân Hàng TMCP An Bình,Chuyên Gia Phân Tích Nghiệp Vụ Số,ec037ba6-5aee-496b-b3e0-759830b13032,Lead,Hà Nội,OPEN,2026-09-28,2026-10-25,30000000,45000000,vietnamworks.com,1,,,0,0,0
146,level,cần xem,,"cùng tỉnh, KHÁC level; cùng nguồn: vietnamworks.com; 1 tin OPEN, còn lại đã đóng (dạng đăng lại)",Bắc Á Bank,Chuyên viên Dữ liệu & Phân tích - [BAC A BANK - Khối Ngân hàng Số],97aef121-57c5-4bdc-ac71-e3cc741986e9,Junior,Hà Nội,CLOSED,2026-08-26,2026-09-03,,,vietnamworks.com,1,,,0,0,0
146,level,cần xem,x,"cùng tỉnh, KHÁC level; cùng nguồn: vietnamworks.com; 1 tin OPEN, còn lại đã đóng (dạng đăng lại)",Bắc Á Bank,Chuyên Viên Dữ Liệu & Phân Tích - [BAC A BANK - Khối Ngân Hàng Số],33565ede-7dcc-4dd9-81f9-bb682955601b,Middle,Hà Nội,OPEN,2026-09-28,2026-10-09,,,vietnamworks.com,1,,,0,0,0
147,level,cần xem,,"cùng tỉnh, KHÁC level; cùng nguồn: vietnamworks.com; 1 tin OPEN, còn lại đã đóng (dạng đăng lại)",Bắc Á Bank,Chuyên viên Quản lý chất lượng - [BAC A BANK - Khối Ngân hàng Số],7ad3a9cd-732e-47f4-a3af-8d3afc39a96d,Junior,Hà Nội,CLOSED,2026-08-26,2026-09-03,,,vietnamworks.com,1,,,0,0,0
147,level,cần xem,x,"cùng tỉnh, KHÁC level; cùng nguồn: vietnamworks.com; 1 tin OPEN, còn lại đã đóng (dạng đăng lại)",Bắc Á Bank,Chuyên Viên Quản Lý Chất Lượng - [BAC A BANK - Khối Ngân Hàng Số],d2b8a98a-f65e-42c7-90b0-dfa7e2c5ca2a,Middle,Hà Nội,OPEN,2026-09-28,2026-10-09,,,vietnamworks.com,1,,,0,0,0
148,level,cần xem,,"cùng tỉnh, KHÁC level; cùng nguồn: vietnamworks.com; 1 tin OPEN, còn lại đã đóng (dạng đăng lại)",Bắc Á Bank,Chuyên viên Thiết kế trải nghiệm khách hàng - [BAC A BANK - Khối Ngân hàng Số],b26741d8-842b-4d11-af1b-ec7a0246b4fa,Junior,Hà Nội,CLOSED,2026-08-26,2026-09-03,,,vietnamworks.com,1,,,0,0,0
148,level,cần xem,x,"cùng tỉnh, KHÁC level; cùng nguồn: vietnamworks.com; 1 tin OPEN, còn lại đã đóng (dạng đăng lại)",Bắc Á Bank,Chuyên Viên Thiết Kế Trải Nghiệm Khách Hàng - [BAC A BANK - Khối Ngân Hàng Số],c9656eb6-892d-4deb-9b33-25a76f4cbe4a,Middle,Hà Nội,OPEN,2026-09-20,2026-10-09,,,vietnamworks.com,1,,,0,0,0
149,level,cần xem,,"cùng tỉnh, KHÁC level; cùng nguồn: vietnamworks.com; 1 tin OPEN, còn lại đã đóng (dạng đăng lại)","Chailease International Leasing Co., Ltd. (Head Office)",Internal Audit Officer,fd61ec5b-08a1-42f9-a274-68c59833e427,Intern,Hồ Chí Minh,CLOSED,2026-08-26,2026-09-06,,,vietnamworks.com,1,,,0,0,0
149,level,cần xem,x,"cùng tỉnh, KHÁC level; cùng nguồn: vietnamworks.com; 1 tin OPEN, còn lại đã đóng (dạng đăng lại)","Chailease International Leasing Co., Ltd. (Head Office)",Internal Audit Officer,50ff6692-a305-44df-a426-2a412a54a1f3,Junior,Hồ Chí Minh,OPEN,2026-09-20,2026-10-11,,,vietnamworks.com,1,,,0,0,0
150,level,cần xem,,"cùng tỉnh, KHÁC level; cùng nguồn: vietnamworks.com; 1 tin OPEN, còn lại đã đóng (dạng đăng lại)",Chi Nhánh Trung Tâm Công Nghệ Thông Tin Tập Đoàn Bảo Việt,Chuyên Viên Phân Tích Nghiệp Vụ (Business Analyst) - Mã Số: Qldv-01,58970dc7-e1a1-41b3-8b76-70baef31578b,Junior,Hà Nội,CLOSED,2026-08-26,2026-09-09,,,vietnamworks.com,1,,,0,0,0
150,level,cần xem,x,"cùng tỉnh, KHÁC level; cùng nguồn: vietnamworks.com; 1 tin OPEN, còn lại đã đóng (dạng đăng lại)",Chi Nhánh Trung Tâm Công Nghệ Thông Tin Tập Đoàn Bảo Việt,Chuyên Viên Phân Tích Nghiệp Vụ (Business Analyst) - Mã Số: Qldv-01,feaf8402-49c7-4ad1-8816-72e2359c0a41,Middle,Hà Nội,OPEN,2026-09-28,2026-10-14,,,vietnamworks.com,1,,,0,0,0
151,level,cần xem,,"cùng tỉnh, KHÁC level; cùng nguồn: vietnamworks.com; 1 tin OPEN, còn lại đã đóng (dạng đăng lại)",Crossian Việt Nam,"Sourcing Specialist - Garment (Total Annual Compensation Up-To 30,000 USD)",3fa288f0-6cd2-4a66-a380-2c4637aa49cc,Junior,Hà Nội,CLOSED,2026-09-08,2026-09-28,,,vietnamworks.com,1,,,0,0,0
151,level,cần xem,x,"cùng tỉnh, KHÁC level; cùng nguồn: vietnamworks.com; 1 tin OPEN, còn lại đã đóng (dạng đăng lại)",Crossian Việt Nam,"Sourcing Specialist - Garment (Total Annual Compensation Up-To 30,000 USD)",6ba7f9fb-b90f-4b2a-bf04-c3a6356c19da,Middle,Hà Nội,OPEN,2026-09-30,2026-10-28,,30000,vietnamworks.com,1,,,0,0,0
152,level,cần xem,,"cùng tỉnh, KHÁC level; cùng nguồn: topcv.vn; 1 tin OPEN, còn lại đã đóng (dạng đăng lại)",CÔNG TY CỔ PHẦN CÔNG NGHỆ ALPHAWAY,Java Developer,16f556ec-77eb-4c0d-b1f0-62239445477f,Senior,Hà Nội,CLOSED,2026-09-08,2026-09-24,22000000,40000000,topcv.vn,1,,,0,0,0
152,level,cần xem,x,"cùng tỉnh, KHÁC level; cùng nguồn: topcv.vn; 1 tin OPEN, còn lại đã đóng (dạng đăng lại)",CÔNG TY CỔ PHẦN CÔNG NGHỆ ALPHAWAY,Java Developer,fe309918-8775-42bf-9f6a-638d7e496155,Middle,Hà Nội,OPEN,2026-09-08,2026-11-30,29000000,39000000,topcv.vn,1,,,0,0,0
153,level,cần xem,,"cùng tỉnh, KHÁC level; cùng nguồn: vietnamworks.com; 1 tin OPEN, còn lại đã đóng (dạng đăng lại)",CÔNG TY CỔ PHẦN KINH DOANH F88,Chuyên Gia Huy Động Vốn Tổ Chức,8cccd7bd-dae4-4eff-9627-7ef0001548a1,Junior,Hà Nội,CLOSED,2026-09-20,2026-09-22,,,vietnamworks.com,1,,,0,0,0
153,level,cần xem,x,"cùng tỉnh, KHÁC level; cùng nguồn: vietnamworks.com; 1 tin OPEN, còn lại đã đóng (dạng đăng lại)",CÔNG TY CỔ PHẦN KINH DOANH F88,Chuyên Gia Huy Động Vốn Tổ Chức,84a72b33-eecd-47bd-a214-a5e88e2d4b91,Senior,Hà Nội,OPEN,2026-09-28,2026-10-22,,,vietnamworks.com,1,,,0,0,0
154,level,cần xem,,"cùng tỉnh, KHÁC level; cùng nguồn: vietnamworks.com; 1 tin OPEN, còn lại đã đóng (dạng đăng lại)",CÔNG TY CỔ PHẦN OPEN HEALTHCARE VIỆT NAM,Chuyên Viên Cao Cấp Xét Nghiệm Chẩn Đoán và Marketing Học Thuật,0b5fc205-fa3f-4926-bfee-2a20facd0f36,Junior,Hà Nội,CLOSED,2026-09-20,2026-09-30,,,vietnamworks.com,1,,,0,0,0
154,level,cần xem,x,"cùng tỉnh, KHÁC level; cùng nguồn: vietnamworks.com; 1 tin OPEN, còn lại đã đóng (dạng đăng lại)",CÔNG TY CỔ PHẦN OPEN HEALTHCARE VIỆT NAM,Chuyên Viên Cao Cấp Xét Nghiệm Chẩn Đoán và Marketing Học Thuật,35448c73-cfc2-462e-88aa-4d0ea19ff4a9,Senior,Hà Nội,OPEN,2026-10-03,2026-10-28,,,vietnamworks.com,1,,,0,0,0
155,level,cần xem,x,"cùng tỉnh, KHÁC level; khác nguồn: topcv.vn, vietnamworks.com; tất cả đã CLOSED",CÔNG TY CỔ PHẦN THIẾT BỊ CÔNG NGHIỆP GEIC,Kỹ Sư Thiết Kế UX/UI,2adaa6ec-7376-4ac7-88f8-b8df36ba0aed,Junior,Hà Nội,CLOSED,2026-08-26,2026-09-19,,,vietnamworks.com,1,x,,0,0,0
155,level,cần xem,,"cùng tỉnh, KHÁC level; khác nguồn: topcv.vn, vietnamworks.com; tất cả đã CLOSED",CÔNG TY CỔ PHẦN THIẾT BỊ CÔNG NGHIỆP GEIC,Kỹ Sư Thiết Kế UX/UI,c6129666-f384-4327-8cf0-1bed9d950d83,Middle,Hà Nội,CLOSED,2026-09-01,2026-09-23,,,topcv.vn,1,,,0,0,0
156,level,cần xem,,"cùng tỉnh, KHÁC level; cùng nguồn: vietnamworks.com; 1 tin OPEN, còn lại đã đóng (dạng đăng lại)",CÔNG TY TNHH AMPHENOL TECHNOLOGY VIỆT NAM,Manufacturing Engineer/ Kỹ Sư Nhà Máy (Ngành điện tử),1d5b8ee6-2edf-40b1-9943-8272a88398f2,Junior,Hồ Chí Minh,CLOSED,2026-09-08,2026-09-17,,,vietnamworks.com,1,,,0,0,0
156,level,cần xem,x,"cùng tỉnh, KHÁC level; cùng nguồn: vietnamworks.com; 1 tin OPEN, còn lại đã đóng (dạng đăng lại)",CÔNG TY TNHH AMPHENOL TECHNOLOGY VIỆT NAM,Manufacturing Engineer/ Kỹ Sư Nhà Máy (Ngành điện tử),ddfb8ac0-30e2-441f-b491-c8c22f479f0c,Middle,Hồ Chí Minh,OPEN,2026-09-20,2026-10-18,,,vietnamworks.com,1,,,0,0,0
157,level,cần xem,,"cùng tỉnh, KHÁC level; cùng nguồn: vietnamworks.com; 1 tin OPEN, còn lại đã đóng (dạng đăng lại)",CÔNG TY TNHH KEYLOOP VIỆT NAM,Salesforce Developer - AI Solution Engineer,83385896-8618-404f-875e-e2ad1b46d702,Junior,Hồ Chí Minh,CLOSED,2026-09-01,2026-09-15,,,vietnamworks.com,1,,,0,0,0
157,level,cần xem,x,"cùng tỉnh, KHÁC level; cùng nguồn: vietnamworks.com; 1 tin OPEN, còn lại đã đóng (dạng đăng lại)",CÔNG TY TNHH KEYLOOP VIỆT NAM,Salesforce Developer - AI Solution Engineer,44ca5a87-716d-4c3f-947d-5622e368102f,Middle,Hồ Chí Minh,OPEN,2026-09-20,2026-10-16,,,vietnamworks.com,1,,,0,0,0
158,level,cần xem,,"cùng tỉnh, KHÁC level; cùng nguồn: vietnamworks.com; 1 tin OPEN, còn lại đã đóng (dạng đăng lại)",CÔNG TY TNHH SOONEST EXPRESS (VIETNAM),"NET Development Engineer (Chinese Speaking) | USD 1,000 2,000",2eba725b-84a3-4647-94d1-7251630182cc,Junior,Hà Nội,CLOSED,2026-08-28,2026-09-27,1000,2000,vietnamworks.com,1,,,0,0,0
158,level,cần xem,x,"cùng tỉnh, KHÁC level; cùng nguồn: vietnamworks.com; 1 tin OPEN, còn lại đã đóng (dạng đăng lại)",CÔNG TY TNHH SOONEST EXPRESS (VIETNAM),"NET Development Engineer (Chinese Speaking) | USD 1,000 2,000",7d1b2d6b-3cf3-4f80-83a2-bd27fecdbf1c,Middle,Hà Nội,OPEN,2026-10-03,2026-10-30,1000,2000,vietnamworks.com,1,,,0,0,0
159,level,cần xem,,"cùng tỉnh, KHÁC level; cùng nguồn: vietnamworks.com; 1 tin OPEN, còn lại đã đóng (dạng đăng lại)",CÔNG TY TNHH SYSMEX VIỆT NAM,Product IT Specialist (Healthcare Software),30f418a8-b760-4602-8292-45b17688efbc,Junior,Hồ Chí Minh,CLOSED,2026-08-26,2026-09-09,,,vietnamworks.com,1,,,0,0,0
159,level,cần xem,x,"cùng tỉnh, KHÁC level; cùng nguồn: vietnamworks.com; 1 tin OPEN, còn lại đã đóng (dạng đăng lại)",CÔNG TY TNHH SYSMEX VIỆT NAM,Product IT Specialist (Healthcare Software),b731f2c1-faf4-43d3-92bc-0686573f80ab,Middle,Hồ Chí Minh,OPEN,2026-09-28,2026-10-11,,,vietnamworks.com,1,,,0,0,0
160,level,cần xem,x,"cùng tỉnh, KHÁC level; cùng nguồn: vietnamworks.com; 2 tin cùng đang OPEN",CÔNG TY TNHH ZWILLING J.A. HENCKELS (VIỆT NAM),Commercial Data Analyst,8b9108a8-b3b9-4ff6-93c1-5b02091c575e,Junior,Hồ Chí Minh,OPEN,2026-09-28,2026-10-21,,,vietnamworks.com,1,,,0,0,0
160,level,cần xem,,"cùng tỉnh, KHÁC level; cùng nguồn: vietnamworks.com; 2 tin cùng đang OPEN",CÔNG TY TNHH ZWILLING J.A. HENCKELS (VIỆT NAM),Commercial Data Analyst,ff46e490-9b26-472c-9368-4f96b0e444e9,Middle,Hồ Chí Minh,OPEN,2026-10-03,2026-10-21,,,vietnamworks.com,1,,,0,0,0
161,level,cần xem,,"cùng tỉnh, KHÁC level; cùng nguồn: vietnamworks.com; 1 tin OPEN, còn lại đã đóng (dạng đăng lại)",Công Ty Cổ Phần CyberLotus,Chuyên Viên Phân Tích Nghiệp Vụ,f7336866-6f1d-4da5-9d22-0e23eeb9fb22,Junior,Hà Nội,CLOSED,2026-08-28,2026-09-27,20000000,30000000,vietnamworks.com,1,,,0,0,0
161,level,cần xem,x,"cùng tỉnh, KHÁC level; cùng nguồn: vietnamworks.com; 1 tin OPEN, còn lại đã đóng (dạng đăng lại)",Công Ty Cổ Phần CyberLotus,Chuyên Viên Phân Tích Nghiệp Vụ,0aceefff-2d8c-487e-bde2-49bad973ce8c,Middle,Hà Nội,OPEN,2026-10-03,2026-11-01,20000000,30000000,vietnamworks.com,1,,,0,0,0
162,level,cần xem,,"cùng tỉnh, KHÁC level; cùng nguồn: vietnamworks.com; 1 tin OPEN, còn lại đã đóng (dạng đăng lại)",Công Ty Cổ Phần Công Nghệ Sapo,Talent Acquisition Business Partner (BO/IT),194ca06e-9e91-4718-bcdc-1ba678554437,Junior,Hà Nội,CLOSED,2026-09-20,2026-10-01,,,vietnamworks.com,1,,,0,0,0
162,level,cần xem,x,"cùng tỉnh, KHÁC level; cùng nguồn: vietnamworks.com; 1 tin OPEN, còn lại đã đóng (dạng đăng lại)",Công Ty Cổ Phần Công Nghệ Sapo,Talent Acquisition Business Partner (BO/IT),ca113d5e-5f84-4ab7-a0af-f5acd086a7c9,Middle,Hà Nội,OPEN,2026-10-03,2026-10-31,,,vietnamworks.com,1,,,0,0,0
163,level,cần xem,,"cùng tỉnh, KHÁC level; cùng nguồn: vietnamworks.com; 1 tin OPEN, còn lại đã đóng (dạng đăng lại)",Công Ty Cổ Phần Công Nghệ Sapo,Trợ Lý Chủ Tịch (Mảng Tài Chính),bd13e928-5d90-41f2-b29e-9e9d57944368,Junior,Hà Nội,CLOSED,2026-09-08,2026-10-04,,,vietnamworks.com,1,,,0,0,0
163,level,cần xem,x,"cùng tỉnh, KHÁC level; cùng nguồn: vietnamworks.com; 1 tin OPEN, còn lại đã đóng (dạng đăng lại)",Công Ty Cổ Phần Công Nghệ Sapo,Trợ Lý Chủ Tịch (Mảng Tài Chính),2b3d2215-e64f-45a9-a389-b940f862bffc,Middle,Hà Nội,OPEN,2026-10-03,2026-11-01,,,vietnamworks.com,1,,,0,0,0
164,level,cần xem,,"cùng tỉnh, KHÁC level; cùng nguồn: careerviet.vn; 1 tin OPEN, còn lại đã đóng (dạng đăng lại)",Công Ty Cổ Phần TEECOM,Chuyên Viên Phân Tích Tài Chính (Financial Analyst),18ca21e8-71c6-4008-b614-d814c661c874,Middle,Hồ Chí Minh,CLOSED,2026-09-08,2026-09-30,,,careerviet.vn,1,,,0,0,0
164,level,cần xem,x,"cùng tỉnh, KHÁC level; cùng nguồn: careerviet.vn; 1 tin OPEN, còn lại đã đóng (dạng đăng lại)",Công Ty Cổ Phần TEECOM,Chuyên Viên Phân Tích Tài Chính (Financial Analyst),0ca6440a-56fd-4a97-9a62-5f8650733280,Senior,Hồ Chí Minh,OPEN,2026-09-28,2026-10-31,,,careerviet.vn,1,,,0,0,0
165,level,cần xem,,"cùng tỉnh, KHÁC level; cùng nguồn: vietnamworks.com; 1 tin OPEN, còn lại đã đóng (dạng đăng lại)",Công Ty TNHH Aeon Việt Nam,[HCM] Data Analyst Executive (Marketing Customer Member),ac018c0b-1f00-4642-9e72-3a7294b430f2,Junior,Hồ Chí Minh,CLOSED,2026-09-08,2026-09-08,,,vietnamworks.com,1,,,0,0,0
165,level,cần xem,x,"cùng tỉnh, KHÁC level; cùng nguồn: vietnamworks.com; 1 tin OPEN, còn lại đã đóng (dạng đăng lại)",Công Ty TNHH Aeon Việt Nam,[HCM] Data Analyst Executive (Marketing Customer Member),a5aa4064-cd36-46d7-a20d-af3ec4b35a96,Middle,Hồ Chí Minh,OPEN,2026-09-30,2026-10-29,,,vietnamworks.com,1,,,0,0,0
166,level,cần xem,,"cùng tỉnh, KHÁC level; cùng nguồn: vietnamworks.com; 1 tin OPEN, còn lại đã đóng (dạng đăng lại)",Công Ty TNHH Bán Lẻ Fujimart Việt Nam,Chuyên Viên Cung Ứng Dịch Vụ Hành Chính,157d47b5-b38e-4e1c-9576-51e6de20af29,Junior,Hà Nội,CLOSED,2026-09-08,2026-09-21,,,vietnamworks.com,1,,,0,0,0
166,level,cần xem,x,"cùng tỉnh, KHÁC level; cùng nguồn: vietnamworks.com; 1 tin OPEN, còn lại đã đóng (dạng đăng lại)",Công Ty TNHH Bán Lẻ Fujimart Việt Nam,Chuyên Viên Cung Ứng Dịch Vụ Hành Chính,66da4495-36f9-4140-bde6-a9097ed34bab,Middle,Hà Nội,OPEN,2026-09-28,2026-10-21,,,vietnamworks.com,1,,,0,0,0
167,level,cần xem,,"cùng tỉnh, KHÁC level; cùng nguồn: vietnamworks.com; 1 tin OPEN, còn lại đã đóng (dạng đăng lại)",Công Ty TNHH Bán Lẻ Fujimart Việt Nam,Cửa Hàng Phó (Ưu Tiên Kinh Nghiệm Siêu Thị Bán Lẻ),86c67ef4-d208-4913-95a3-adb144abc446,Junior,Hà Nội,CLOSED,2026-08-26,2026-09-10,,,vietnamworks.com,1,,,0,0,0
167,level,cần xem,x,"cùng tỉnh, KHÁC level; cùng nguồn: vietnamworks.com; 1 tin OPEN, còn lại đã đóng (dạng đăng lại)",Công Ty TNHH Bán Lẻ Fujimart Việt Nam,Cửa Hàng Phó (Ưu Tiên Kinh Nghiệm Siêu Thị Bán Lẻ),64cacb74-49d8-467e-93d1-a70f0aad96bd,Middle,Hà Nội,OPEN,2026-09-20,2026-10-15,,,vietnamworks.com,1,,,0,0,0
168,level,cần xem,,"cùng tỉnh, KHÁC level; cùng nguồn: vietnamworks.com; 1 tin OPEN, còn lại đã đóng (dạng đăng lại)",Công Ty TNHH Bán Lẻ Fujimart Việt Nam,Nhân Viên IT Phần Mềm / Dữ Liệu (Chuỗi Siêu Thị),098da516-145c-4930-8758-ec06ca07cec4,Junior,Hà Nội,CLOSED,2026-08-26,2026-09-25,,,vietnamworks.com,1,,,0,0,0
168,level,cần xem,x,"cùng tỉnh, KHÁC level; cùng nguồn: vietnamworks.com; 1 tin OPEN, còn lại đã đóng (dạng đăng lại)",Công Ty TNHH Bán Lẻ Fujimart Việt Nam,Nhân Viên IT Phần Mềm / Dữ Liệu (Chuỗi Siêu Thị),6bcc3d12-b0eb-4527-b8a3-7defde0bff69,Middle,Hà Nội,OPEN,2026-09-30,2026-10-30,,,vietnamworks.com,1,,,0,0,0
169,level,cần xem,,"cùng tỉnh, KHÁC level; khác nguồn: careerviet.vn, vietnamworks.com; 1 tin OPEN, còn lại đã đóng (dạng đăng lại)",Công Ty TNHH C-Hawk Technology Việt Nam,Data Engineer (Manufacturing Systems),2f2452ee-3deb-40e1-883e-6613f3feab10,Middle,Hồ Chí Minh,OPEN,2026-09-20,2026-10-11,,,vietnamworks.com,1,,,0,0,0
169,level,cần xem,x,"cùng tỉnh, KHÁC level; khác nguồn: careerviet.vn, vietnamworks.com; 1 tin OPEN, còn lại đã đóng (dạng đăng lại)",Công Ty TNHH C-Hawk Technology Việt Nam,Data Engineer (Manufacturing Systems),1e5ed7c0-efe4-4f70-ac96-f89ca8458eff,Senior,Hồ Chí Minh,CLOSED,2026-09-20,2026-09-30,,,careerviet.vn,1,x,,0,0,0
170,level,cần xem,x,"cùng tỉnh, KHÁC level; khác nguồn: careerviet.vn, vietnamworks.com; 1 tin OPEN, còn lại đã đóng (dạng đăng lại)",Công Ty TNHH C-Hawk Technology Việt Nam,Power Platform & BI Developer,d3ecdf88-f7e2-4876-a4b5-65aafb3b8ca7,Senior,Hồ Chí Minh,CLOSED,2026-09-20,2026-09-30,,,careerviet.vn,1,x,,0,0,0
170,level,cần xem,,"cùng tỉnh, KHÁC level; khác nguồn: careerviet.vn, vietnamworks.com; 1 tin OPEN, còn lại đã đóng (dạng đăng lại)",Công Ty TNHH C-Hawk Technology Việt Nam,Power Platform & BI Developer,e6624f9c-bdfd-4df3-b210-202720b6c135,Middle,Hồ Chí Minh,OPEN,2026-09-20,2026-10-11,,,vietnamworks.com,1,,,0,0,0
171,level,cần xem,,"cùng tỉnh, KHÁC level; cùng nguồn: vietnamworks.com; 1 tin OPEN, còn lại đã đóng (dạng đăng lại)",Công Ty TNHH Công Nghệ Huawei Việt Nam,Power Technical Engineer,c0a68393-b434-4ee1-9826-714b15d9e00b,Junior,Hà Nội,CLOSED,2026-09-08,2026-09-18,,,vietnamworks.com,1,,,0,0,0
171,level,cần xem,x,"cùng tỉnh, KHÁC level; cùng nguồn: vietnamworks.com; 1 tin OPEN, còn lại đã đóng (dạng đăng lại)",Công Ty TNHH Công Nghệ Huawei Việt Nam,Power Technical Engineer,b62cefd1-b038-4265-ba61-0cee42b89b14,Middle,Hà Nội,OPEN,2026-10-03,2026-11-01,,,vietnamworks.com,1,,,0,0,0
172,level,cần xem,,"cùng tỉnh, KHÁC level; cùng nguồn: vietnamworks.com; 1 tin OPEN, còn lại đã đóng (dạng đăng lại)",Công Ty TNHH LG Innotek Việt Nam Hải Phòng,R&D Engineer (PCB/ Semiconductor Package),ce47e9cf-cdbb-4592-9e10-7d4519c78fa0,Junior,Hải Phòng,CLOSED,2026-09-08,2026-09-16,,,vietnamworks.com,1,,,0,0,0
172,level,cần xem,x,"cùng tỉnh, KHÁC level; cùng nguồn: vietnamworks.com; 1 tin OPEN, còn lại đã đóng (dạng đăng lại)",Công Ty TNHH LG Innotek Việt Nam Hải Phòng,R&D Engineer (PCB/ Semiconductor Package),15b8372b-4d91-466a-bac2-3fe5789b3bf8,Middle,Hải Phòng,OPEN,2026-09-28,2026-10-25,,,vietnamworks.com,1,,,0,0,0
173,level,cần xem,,"cùng tỉnh, KHÁC level; cùng nguồn: vietnamworks.com; 1 tin OPEN, còn lại đã đóng (dạng đăng lại)",Công Ty TNHH Năng Lượng Xanh Và Tái Tạo Phương Nam,QA Engineer,e0b00703-b4ff-4aea-9d7e-b1d299cbe991,Junior,Hồ Chí Minh,CLOSED,2026-09-28,2026-10-01,1,1,vietnamworks.com,1,,,0,0,0
173,level,cần xem,x,"cùng tỉnh, KHÁC level; cùng nguồn: vietnamworks.com; 1 tin OPEN, còn lại đã đóng (dạng đăng lại)",Công Ty TNHH Năng Lượng Xanh Và Tái Tạo Phương Nam,QA Engineer,814fa15b-dfa3-4c0a-9dad-a9ca2bc5acd6,Senior,Hồ Chí Minh,OPEN,2026-10-03,2026-10-30,1,1,vietnamworks.com,1,,,0,0,0
174,level,cần xem,,"cùng tỉnh, KHÁC level; khác nguồn: careerviet.vn, topcv.vn; tất cả đã CLOSED",Công Ty TNHH TurnKey FBA,Data Analyst & Automation Specialist,c48419b7-754d-4a8e-b8e7-d5a244f3cb9b,Fresher,Hà Nội,CLOSED,2026-08-26,2026-09-05,8000000,13000000,topcv.vn,1,,,0,0,0
174,level,cần xem,x,"cùng tỉnh, KHÁC level; khác nguồn: careerviet.vn, topcv.vn; tất cả đã CLOSED",Công Ty TNHH TurnKey FBA,Data Analyst & Automation Specialist,c6407744-80f1-439a-abd8-b732cafbf2ff,Middle,Hà Nội,CLOSED,2026-09-08,2026-09-09,8000000,16000000,careerviet.vn,1,,,0,0,0
175,level,cần xem,,"cùng tỉnh, KHÁC level; cùng nguồn: vietnamworks.com; 1 tin OPEN, còn lại đã đóng (dạng đăng lại)",Công Ty TNHH Xuân Lộc Thọ,Kỹ Sư Xây Dựng (Độ Tuổi Từ 30-55 Tuổi),9c70db06-080a-4b0c-8cb6-bb486fed3c0c,Junior,Hà Nội,CLOSED,2026-08-26,2026-09-17,28000000,,vietnamworks.com,1,,,0,0,0
175,level,cần xem,x,"cùng tỉnh, KHÁC level; cùng nguồn: vietnamworks.com; 1 tin OPEN, còn lại đã đóng (dạng đăng lại)",Công Ty TNHH Xuân Lộc Thọ,Kỹ Sư Xây Dựng (Độ Tuổi Từ 30-55 Tuổi),62457fd7-f28a-4d4d-ab76-34873d9a3fcb,Lead,Hà Nội,OPEN,2026-09-28,2026-10-22,28000000,,vietnamworks.com,1,,,0,0,0
176,level,cần xem,,"cùng tỉnh, KHÁC level; cùng nguồn: vietnamworks.com; 1 tin OPEN, còn lại đã đóng (dạng đăng lại)",Công Ty Điện Lạnh Hòa Phát,"Trưởng Bộ Phận R&D – Phát Triển Sản Phẩm Tủ Lạnh, Tủ Đông, Tủ Mát",79cedbb3-ae96-4af9-8e73-a078d41660ee,Junior,Hồ Chí Minh,CLOSED,2026-09-08,2026-09-25,35000000,40000000,vietnamworks.com,1,,,0,0,0
176,level,cần xem,x,"cùng tỉnh, KHÁC level; cùng nguồn: vietnamworks.com; 1 tin OPEN, còn lại đã đóng (dạng đăng lại)",Công Ty Điện Lạnh Hòa Phát,"Trưởng Bộ Phận R&D – Phát Triển Sản Phẩm Tủ Lạnh, Tủ Đông, Tủ Mát",978b977a-0961-4de4-8c37-1dc81de4ed31,Senior,Hồ Chí Minh,OPEN,2026-09-28,2026-10-25,35000000,40000000,vietnamworks.com,1,,,0,0,0
177,level,cần xem,,"cùng tỉnh, KHÁC level; cùng nguồn: vietnamworks.com; 1 tin OPEN, còn lại đã đóng (dạng đăng lại)",Công ty Cổ phần Chứng khoán An Bình,Chuyên Viên Cao Cấp Phân Tích Dữ Liệu,d1eb8862-7594-4666-9fb3-eb5b3fa8bf59,Junior,Hà Nội,CLOSED,2026-09-08,2026-09-18,,,vietnamworks.com,1,,,0,0,0
177,level,cần xem,x,"cùng tỉnh, KHÁC level; cùng nguồn: vietnamworks.com; 1 tin OPEN, còn lại đã đóng (dạng đăng lại)",Công ty Cổ phần Chứng khoán An Bình,Chuyên Viên Cao Cấp Phân Tích Dữ Liệu,8f0af779-e3c0-4755-8e13-b51e3643b2cb,Middle,Hà Nội,OPEN,2026-09-20,2026-10-18,,,vietnamworks.com,1,,,0,0,0
178,level,cần xem,,"cùng tỉnh, KHÁC level; khác nguồn: topcv.vn, vietnamworks.com; 1 tin OPEN, còn lại đã đóng (dạng đăng lại)",Công ty Cổ phần Tập đoàn Golden Gate,Chuyên Viên Cao Cấp Hệ Thống Báo Cáo Quản Trị,20fce424-ff08-407c-9873-7f0dad4d0c87,Middle,Hà Nội,OPEN,2026-09-08,2026-10-31,,,topcv.vn,1,,,0,0,0
178,level,cần xem,x,"cùng tỉnh, KHÁC level; khác nguồn: topcv.vn, vietnamworks.com; 1 tin OPEN, còn lại đã đóng (dạng đăng lại)",Công ty Cổ phần Tập đoàn Golden Gate,Chuyên viên cao cấp Hệ thống Báo cáo Quản trị,c94169b1-8e7b-4896-98b1-bd4855490ae3,Junior,Hà Nội,CLOSED,2026-09-08,2026-10-04,,,vietnamworks.com,1,x,,0,0,0
179,level,cần xem,x,"cùng tỉnh, KHÁC level; khác nguồn: careerviet.vn, topcv.vn; tất cả đã CLOSED",Công ty Cổ phần Vietsol,[Junior+] Automotive Embedded Software Engineer,c7f373aa-281c-4eee-b2c6-7a807b2356a0,Lead,Hà Nội,CLOSED,2026-08-29,2026-09-14,,,careerviet.vn,1,x,,0,1,0
179,level,cần xem,,"cùng tỉnh, KHÁC level; khác nguồn: careerviet.vn, topcv.vn; tất cả đã CLOSED",Công ty Cổ phần Vietsol,[Junior+] Automotive Embedded Software Engineer,9261e188-58d5-432e-99a6-e58a3089cd50,Junior,Hà Nội,CLOSED,2026-09-08,2026-09-30,,,topcv.vn,1,,,0,0,0
180,level,cần xem,,"cùng tỉnh, KHÁC level; cùng nguồn: vietnamworks.com; 1 tin OPEN, còn lại đã đóng (dạng đăng lại)",Công ty Cổ phần Vàng bạc đá quý Bảo Tín Mạnh Hải,SAP Consultant,943baadf-2561-46fe-95bf-b2a32b70575f,Junior,Hà Nội,CLOSED,2026-08-26,2026-09-18,,,vietnamworks.com,1,,,0,0,0
180,level,cần xem,x,"cùng tỉnh, KHÁC level; cùng nguồn: vietnamworks.com; 1 tin OPEN, còn lại đã đóng (dạng đăng lại)",Công ty Cổ phần Vàng bạc đá quý Bảo Tín Mạnh Hải,SAP Consultant,61e44b2e-0d1d-4202-a0e9-d4a75b250989,Middle,Hà Nội,OPEN,2026-09-28,2026-10-23,1500,2000,vietnamworks.com,1,,,0,0,0
181,level,cần xem,,"cùng tỉnh, KHÁC level; cùng nguồn: careerviet.vn; tất cả đã CLOSED",Công ty Cổ phần đầu tư phát triển máy Việt Nam,NHÂN VIÊN PHÂN TÍCH NGHIỆP VỤ (BUSINESS ANALYST),ff79db50-8ab2-486c-b8f9-25e53ae37b05,Junior,Hà Nội,CLOSED,2026-09-08,2026-09-30,10000000,20000000,careerviet.vn,1,,,0,0,0
181,level,cần xem,x,"cùng tỉnh, KHÁC level; cùng nguồn: careerviet.vn; tất cả đã CLOSED",Công ty Cổ phần đầu tư phát triển máy Việt Nam,NHÂN VIÊN PHÂN TÍCH NGHIỆP VỤ (BUSINESS ANALYST),3d7cba44-5b70-41a5-b1a3-a87cd972b814,Middle,Hà Nội,CLOSED,2026-09-08,2026-09-30,13000000,20000000,careerviet.vn,1,x,,0,0,0
182,level,cần xem,,"cùng tỉnh, KHÁC level; cùng nguồn: vietnamworks.com; 1 tin OPEN, còn lại đã đóng (dạng đăng lại)","Công ty cổ phần Công nghệ thông tin, Viễn thông và Tự động hóa Dầu khí (PAIC)",Kỹ Sư Hệ Thống Mạng (Thu Nhập: Từ 250 Triệu 400 Triệu/năm),27dc9e6a-6b3b-4be7-9f1d-8ea433501069,Junior,Hà Nội,CLOSED,2026-08-26,2026-09-17,250000000,400000000,vietnamworks.com,1,,,0,0,0
182,level,cần xem,x,"cùng tỉnh, KHÁC level; cùng nguồn: vietnamworks.com; 1 tin OPEN, còn lại đã đóng (dạng đăng lại)","Công ty cổ phần Công nghệ thông tin, Viễn thông và Tự động hóa Dầu khí (PAIC)",Kỹ Sư Hệ Thống Mạng (Thu Nhập: Từ 250 Triệu 400 Triệu/năm),8c3778ba-9765-4532-9a1e-deed83732bfc,Middle,Hà Nội,OPEN,2026-09-28,2026-10-11,250000000,400000000,vietnamworks.com,1,,,0,0,0
183,level,cần xem,,"cùng tỉnh, KHÁC level; cùng nguồn: vietnamworks.com; 1 tin OPEN, còn lại đã đóng (dạng đăng lại)",GALAXYJOY JSC,Business Intelligence Analyst / Data Analyst,f11b8aca-4b90-4304-849f-8123c6dc1322,Junior,Hồ Chí Minh,CLOSED,2026-09-01,2026-09-09,,,vietnamworks.com,1,,,0,0,0
183,level,cần xem,x,"cùng tỉnh, KHÁC level; cùng nguồn: vietnamworks.com; 1 tin OPEN, còn lại đã đóng (dạng đăng lại)",GALAXYJOY JSC,Business Intelligence Analyst / Data Analyst,ddefdc1c-3879-4865-80ed-1114bd8b80d8,Senior,Hồ Chí Minh,OPEN,2026-09-30,2026-10-27,,,vietnamworks.com,1,,,0,0,0
184,level,cần xem,,"cùng tỉnh, KHÁC level; cùng nguồn: vietnamworks.com; 1 tin OPEN, còn lại đã đóng (dạng đăng lại)",K&M Holdings,Kế Toán Tổng Hợp (Ngành IT / SaaS),e0dc4374-10a2-4f01-9aad-2b2dba0813c5,Junior,Hà Nội,CLOSED,2026-09-28,2026-09-28,15000000,25000000,vietnamworks.com,1,,,0,0,0
184,level,cần xem,x,"cùng tỉnh, KHÁC level; cùng nguồn: vietnamworks.com; 1 tin OPEN, còn lại đã đóng (dạng đăng lại)",K&M Holdings,Kế Toán Tổng Hợp (Ngành IT / SaaS),3e37888d-aa25-4bac-8ccb-82c65894d171,Middle,Hà Nội,OPEN,2026-10-03,2026-10-28,15000000,25000000,vietnamworks.com,1,,,0,0,0
185,level,cần xem,,"cùng tỉnh, KHÁC level; cùng nguồn: vietnamworks.com; 1 tin OPEN, còn lại đã đóng (dạng đăng lại)",LG Electronics Development Vietnam Company Limited,"Automation Test Developer (Embedded, Python)",7be99069-a98f-4380-b925-79ec7a8d457e,Junior,Hà Nội,CLOSED,2026-09-08,2026-09-16,1000,1500,vietnamworks.com,1,,,0,0,0
185,level,cần xem,x,"cùng tỉnh, KHÁC level; cùng nguồn: vietnamworks.com; 1 tin OPEN, còn lại đã đóng (dạng đăng lại)",LG Electronics Development Vietnam Company Limited,"Automation Test Developer (Embedded, Python)",202d31a0-6083-4b71-a134-0b39403ad1e3,Middle,Hà Nội,OPEN,2026-09-20,2026-10-10,1000,1500,vietnamworks.com,1,,,0,0,0
186,level,cần xem,,"cùng tỉnh, KHÁC level; cùng nguồn: vietnamworks.com; 1 tin OPEN, còn lại đã đóng (dạng đăng lại)",LG Electronics Development Vietnam Company Limited,"Software Engineer (Embedded, MCU, RTOS)",fd992fb6-b701-44db-b882-10cfe4a3087c,Junior,Hà Nội,CLOSED,2026-08-26,2026-09-09,650,2200,vietnamworks.com,1,,,0,0,0
186,level,cần xem,x,"cùng tỉnh, KHÁC level; cùng nguồn: vietnamworks.com; 1 tin OPEN, còn lại đã đóng (dạng đăng lại)",LG Electronics Development Vietnam Company Limited,"Software Engineer (Embedded, MCU, RTOS)",3fc7a6ec-7c07-47d3-91cb-91e93b2c7be4,Middle,Hà Nội,OPEN,2026-09-20,2026-10-10,650,2200,vietnamworks.com,1,,,0,0,0
187,level,cần xem,,"cùng tỉnh, KHÁC level; cùng nguồn: vietnamworks.com; 1 tin OPEN, còn lại đã đóng (dạng đăng lại)",MISA Jointstock Company,Chuyên Viên Pháp Chế Và Tuân Thủ,7124ac81-6029-41e0-9a22-35887089c827,Junior,Hà Nội,CLOSED,2026-08-28,2026-09-23,,,vietnamworks.com,1,,,0,0,0
187,level,cần xem,x,"cùng tỉnh, KHÁC level; cùng nguồn: vietnamworks.com; 1 tin OPEN, còn lại đã đóng (dạng đăng lại)",MISA Jointstock Company,Chuyên Viên Pháp Chế Và Tuân Thủ,f74669fc-bd58-4dfe-ac3d-d8f6dbc768e4,Middle,Hà Nội,OPEN,2026-10-03,2026-11-01,,,vietnamworks.com,1,,,0,0,0
188,level,cần xem,x,"cùng tỉnh, KHÁC level; cùng nguồn: topcv.vn; 1 tin OPEN, còn lại đã đóng (dạng đăng lại)",MISA Jointstock Company,"Lập Trình Viên Web (C#, .Net) [Junior]",b26980ed-0a41-4f8f-985a-c47cd5244ddf,Middle,Hà Nội,CLOSED,2026-09-08,2026-09-23,,30000000,topcv.vn,1,x,,0,0,0
188,level,cần xem,,"cùng tỉnh, KHÁC level; cùng nguồn: topcv.vn; 1 tin OPEN, còn lại đã đóng (dạng đăng lại)",MISA Jointstock Company,"Lập Trình Viên Web (C#, .Net) [Junior]",328c9364-53d8-42f6-b693-de7ded9841c6,Junior,Hà Nội,OPEN,2026-09-20,2026-10-14,,30000000,topcv.vn,1,,,0,0,0
189,level,cần xem,,"cùng tỉnh, KHÁC level; khác nguồn: topcv.vn, vietnamworks.com; tất cả đã CLOSED",NGÂN HÀNG TMCP QUÂN ĐỘI – MBBANK,Chuyên Viên Phân Tích Và Thiết Kế Mô Hình Dữ Liệu - Data Analyst - Khối Dữ Liệu (2026TD45098),ca4678af-f1d8-42f7-95eb-0a91a724c4e8,Middle,Hà Nội,CLOSED,2026-09-08,2026-09-27,,,topcv.vn,1,,,0,0,0
189,level,cần xem,x,"cùng tỉnh, KHÁC level; khác nguồn: topcv.vn, vietnamworks.com; tất cả đã CLOSED",NGÂN HÀNG TMCP QUÂN ĐỘI – MBBANK,Chuyên viên Phân tích và thiết kế Mô hình dữ liệu - Data Analyst - Khối Dữ liệu (2026TD45098),d6f1b311-fe19-41c5-a722-a21daa2f9a7a,Junior,Hà Nội,CLOSED,2026-09-08,2026-09-30,,,vietnamworks.com,1,x,,0,0,0
190,level,cần xem,,"cùng tỉnh, KHÁC level; khác nguồn: topcv.vn, vietnamworks.com; tất cả đã CLOSED",NGÂN HÀNG TMCP QUÂN ĐỘI – MBBANK,Chuyên Viên Phân Tích Và Thiết Kế Mô Hình Dữ Liệu - Data Analyst - Khối Dữ Liệu (2026TD450983),e1c4ef05-50e0-405d-8d8d-53177c70c01c,Middle,Hà Nội,CLOSED,2026-09-08,2026-09-27,,,topcv.vn,1,,,0,0,0
190,level,cần xem,x,"cùng tỉnh, KHÁC level; khác nguồn: topcv.vn, vietnamworks.com; tất cả đã CLOSED",NGÂN HÀNG TMCP QUÂN ĐỘI – MBBANK,Chuyên viên Phân tích và thiết kế Mô hình dữ liệu - Data Analyst - Khối Dữ liệu (2026TD450983),85b772e8-de0a-40b4-97ed-fe100174f247,Junior,Hà Nội,CLOSED,2026-09-08,2026-09-30,,,vietnamworks.com,1,x,,0,0,0
191,level,cần xem,,"cùng tỉnh, KHÁC level; cùng nguồn: vietnamworks.com; 1 tin OPEN, còn lại đã đóng (dạng đăng lại)",NGÂN HÀNG TMCP QUÂN ĐỘI – MBBANK,"[All Level] BackEnd Engineer (Java, Spring Boot) - Khối Công Nghệ Thông Tin (2025TD1785)",28a8680b-6a21-4136-acf7-60868ea4f54c,Junior,Hà Nội,CLOSED,2026-09-08,2026-09-23,20000000,50000000,vietnamworks.com,1,,,0,0,0
191,level,cần xem,x,"cùng tỉnh, KHÁC level; cùng nguồn: vietnamworks.com; 1 tin OPEN, còn lại đã đóng (dạng đăng lại)",NGÂN HÀNG TMCP QUÂN ĐỘI – MBBANK,"[All level] BackEnd Engineer (Java, Spring Boot) - Khối Công nghệ thông tin (2025TD1785)",273951db-9d72-4bae-a310-ccfdeb6bd5de,Senior,Hà Nội,OPEN,2026-09-28,2026-10-22,20000000,50000000,vietnamworks.com,1,,,0,0,0
192,level,cần xem,,"cùng tỉnh, KHÁC level; cùng nguồn: vietnamworks.com; 1 tin OPEN, còn lại đã đóng (dạng đăng lại)",Navigos Group,Navigos Search - Chuyên Viên Tư Vấn Tuyển Dụng,25d32430-38e3-4bcd-84f7-d0f6c275b0c1,Junior,Hà Nội,CLOSED,2026-08-26,2026-09-09,500,1000,vietnamworks.com,1,,,0,0,0
192,level,cần xem,x,"cùng tỉnh, KHÁC level; cùng nguồn: vietnamworks.com; 1 tin OPEN, còn lại đã đóng (dạng đăng lại)",Navigos Group,Navigos Search - Chuyên Viên Tư Vấn Tuyển Dụng,bf6d4bc8-eeba-4d4b-ad92-d8c4aac8a021,Middle,Hà Nội,OPEN,2026-09-20,2026-10-15,500,1000,vietnamworks.com,1,,,0,0,0
193,level,cần xem,,"cùng tỉnh, KHÁC level; cùng nguồn: vietnamworks.com; 1 tin OPEN, còn lại đã đóng (dạng đăng lại)",Navigos Group,Recruitment Consultant,3b7e8918-4706-42f3-b193-f001ad7227fc,Junior,Hà Nội,CLOSED,2026-08-26,2026-09-09,700,,vietnamworks.com,1,,,0,0,0
193,level,cần xem,x,"cùng tỉnh, KHÁC level; cùng nguồn: vietnamworks.com; 1 tin OPEN, còn lại đã đóng (dạng đăng lại)",Navigos Group,Recruitment Consultant,1e6a7c7a-67da-4cc5-ab71-cf80b2029fc5,Middle,Hà Nội,OPEN,2026-09-20,2026-10-15,700,,vietnamworks.com,1,,,0,0,0
194,level,cần xem,,"cùng tỉnh, KHÁC level; cùng nguồn: vietnamworks.com; 1 tin OPEN, còn lại đã đóng (dạng đăng lại)",Nghi Son Refinery And Petrochemical LLC – Vietnam,Corporate Planning Officer,fecb92ac-552e-4f85-a517-40aec8d54f15,Junior,Thanh Hóa,CLOSED,2026-09-08,2026-10-02,,,vietnamworks.com,1,,,0,0,0
194,level,cần xem,x,"cùng tỉnh, KHÁC level; cùng nguồn: vietnamworks.com; 1 tin OPEN, còn lại đã đóng (dạng đăng lại)",Nghi Son Refinery And Petrochemical LLC – Vietnam,Corporate Planning Officer,b03c6b67-ebd9-45ff-9432-29a8d6099237,Senior,Thanh Hóa,OPEN,2026-10-03,2026-11-01,,,vietnamworks.com,1,,,0,0,0
195,level,cần xem,,"cùng tỉnh, KHÁC level; khác nguồn: careerviet.vn, vietnamworks.com; 2 tin cùng đang OPEN",Ngân Hàng TMCP Phương Đông - OCB,AI Engineer,715503d3-0a90-4e68-86e6-224d05906063,Middle,Hồ Chí Minh,OPEN,2026-09-08,2026-10-06,,,vietnamworks.com,1,,,0,0,0
195,level,cần xem,x,"cùng tỉnh, KHÁC level; khác nguồn: careerviet.vn, vietnamworks.com; 2 tin cùng đang OPEN",Ngân Hàng TMCP Phương Đông - OCB,AI Engineer,a34fcd7c-2cde-4a02-94a0-7a4b28bf8bf6,Lead,Hồ Chí Minh,OPEN,2026-09-08,2026-10-15,,,careerviet.vn,1,,,0,0,0
196,level,cần xem,,"cùng tỉnh, KHÁC level; khác nguồn: careerviet.vn, vietnamworks.com; tất cả đã CLOSED",Ngân Hàng TMCP Quân Đội,Chuyên Viên Phân Tích và Thiết Kế Mô Hình Dữ Liệu - Data Analyst - Khối Dữ Liệu (2026TD450983),de15e7db-2844-41ad-be42-cd5d608b446a,Junior,Hà Nội,CLOSED,2026-08-26,2026-08-26,,,vietnamworks.com,1,,,0,0,0
196,level,cần xem,x,"cùng tỉnh, KHÁC level; khác nguồn: careerviet.vn, vietnamworks.com; tất cả đã CLOSED",Ngân Hàng TMCP Quân Đội,Chuyên viên Phân tích và thiết kế Mô hình dữ liệu - Data Analyst - Khối Dữ liệu (2026TD450983),3d0f4a9f-d15d-45d9-817a-2baefc8bb4cf,Middle,Hà Nội,CLOSED,2026-08-28,2026-09-26,,,careerviet.vn,1,,,0,0,0
197,level,cần xem,x,"cùng tỉnh, KHÁC level; khác nguồn: careerviet.vn, vietnamworks.com; tất cả đã CLOSED",Ngân Hàng TMCP Quân Đội,"Chuyên viên, Chuyên viên Cao cấp Khoa học Dữ liệu - Data Scientist - Khối Dữ liệu (2026TD450984)",b7247468-2bb5-4424-9b6a-2fd66f91d969,Junior,Hà Nội,CLOSED,2026-08-26,2026-09-25,,,vietnamworks.com,1,x,,0,0,0
197,level,cần xem,,"cùng tỉnh, KHÁC level; khác nguồn: careerviet.vn, vietnamworks.com; tất cả đã CLOSED",Ngân Hàng TMCP Quân Đội,"Chuyên viên, Chuyên viên Cao cấp Khoa học Dữ liệu - Data Scientist - Khối Dữ liệu (2026TD450984)",e5eb6994-86fa-4ec5-a211-987cf668167d,Middle,Hà Nội,CLOSED,2026-09-01,2026-09-26,,,careerviet.vn,1,,,0,0,0
198,level,cần xem,,"cùng tỉnh, KHÁC level; cùng nguồn: vietnamworks.com; 1 tin OPEN, còn lại đã đóng (dạng đăng lại)",Ngân Hàng TMCP Quốc Tế Việt Nam (VIB),Chuyên Viên Cao Cấp Phát Triển Mô Hình Rủi Ro Tín Dụng,9efe719e-10cb-4eec-b1fb-5ad0419d1797,Junior,Hà Nội,CLOSED,2026-09-20,2026-09-30,1000,2500,vietnamworks.com,1,,,0,0,0
198,level,cần xem,x,"cùng tỉnh, KHÁC level; cùng nguồn: vietnamworks.com; 1 tin OPEN, còn lại đã đóng (dạng đăng lại)",Ngân Hàng TMCP Quốc Tế Việt Nam (VIB),Chuyên Viên Cao Cấp Phát Triển Mô Hình Rủi Ro Tín Dụng,5cdb046a-211d-42ca-9489-01ae364c2f40,Middle,Hà Nội,OPEN,2026-10-03,2026-10-25,1000,2500,vietnamworks.com,1,,,0,0,0
199,level,cần xem,,"cùng tỉnh, KHÁC level; cùng nguồn: vietnamworks.com; 1 tin OPEN, còn lại đã đóng (dạng đăng lại)",Ngân Hàng TMCP Việt Nam Thịnh Vượng - VPBANK,"Gđcc Quan Hệ Khách Hàng (CIB) - HCM, HN Id366",e21711bd-cc95-4e71-9174-d7dc298e923f,Junior,Khác,CLOSED,2026-08-30,2026-09-28,,,vietnamworks.com,1,,,0,0,0
199,level,cần xem,x,"cùng tỉnh, KHÁC level; cùng nguồn: vietnamworks.com; 1 tin OPEN, còn lại đã đóng (dạng đăng lại)",Ngân Hàng TMCP Việt Nam Thịnh Vượng - VPBANK,"Gđcc Quan Hệ Khách Hàng (CIB) - HCM, HN Id366",ff7f74fa-9354-4935-9f0c-5d5567653527,Senior,Khác,OPEN,2026-09-30,2026-10-29,,,vietnamworks.com,1,,,0,0,0
200,level,cần xem,,"cùng tỉnh, KHÁC level; khác nguồn: careerviet.vn, vietnamworks.com; 2 tin cùng đang OPEN",Ngân Hàng TMCP Đại Chúng Việt Nam,Chuyên Gia Vận Hành Nền Tảng Khai Thác Dữ Liệu - K.CNTT,f478655f-0cda-409d-88d0-022a5e78e9b0,Senior,Hà Nội,OPEN,2026-09-20,2026-10-10,,,vietnamworks.com,1,,,0,0,0
200,level,cần xem,x,"cùng tỉnh, KHÁC level; khác nguồn: careerviet.vn, vietnamworks.com; 2 tin cùng đang OPEN",Ngân Hàng TMCP Đại Chúng Việt Nam,Chuyên gia Vận hành Nền tảng khai thác dữ liệu - K.CNTT,4ae4ee25-785c-4c47-b6b2-50517078a636,Lead,Hà Nội,OPEN,2026-09-20,2026-10-30,,,careerviet.vn,1,,,0,0,0
201,level,cần xem,,"cùng tỉnh, KHÁC level; cùng nguồn: vietnamworks.com; 1 tin OPEN, còn lại đã đóng (dạng đăng lại)",Ngân Hàng TNHH MTV Kỷ Nguyên Thịnh Vượng - GPBank,Product Owner Expert - Digital Banking,8b311f9b-cbd6-44d9-b8ce-23da11c0dc84,Junior,Hà Nội,CLOSED,2026-08-30,2026-09-07,45000000,65000000,vietnamworks.com,1,,,0,0,0
201,level,cần xem,x,"cùng tỉnh, KHÁC level; cùng nguồn: vietnamworks.com; 1 tin OPEN, còn lại đã đóng (dạng đăng lại)",Ngân Hàng TNHH MTV Kỷ Nguyên Thịnh Vượng - GPBank,Product Owner Expert - Digital Banking,8a7dbd0f-6abe-4f10-b3a8-509da987088d,Lead,Hà Nội,OPEN,2026-09-08,2026-10-07,45000000,65000000,vietnamworks.com,1,,,0,0,0
202,level,cần xem,,"cùng tỉnh, KHÁC level; cùng nguồn: vietnamworks.com; 1 tin OPEN, còn lại đã đóng (dạng đăng lại)",Ngân Hàng TNHH MTV Woori Việt Nam,IT Auditor - Kiểm Toán Viên Công Nghệ Thông Tin,ed606fb9-b563-468c-a68e-38c44c6f83df,Junior,Hà Nội,CLOSED,2026-09-08,2026-09-18,,,vietnamworks.com,1,,,0,0,0
202,level,cần xem,x,"cùng tỉnh, KHÁC level; cùng nguồn: vietnamworks.com; 1 tin OPEN, còn lại đã đóng (dạng đăng lại)",Ngân Hàng TNHH MTV Woori Việt Nam,IT Auditor - Kiểm Toán Viên Công Nghệ Thông Tin,6a22783c-2175-4ddd-b6de-ce6a719469bc,Middle,Hà Nội,OPEN,2026-09-28,2026-10-21,,,vietnamworks.com,1,,,0,0,0
203,level,cần xem,,"cùng tỉnh, KHÁC level; cùng nguồn: vietnamworks.com; 1 tin OPEN, còn lại đã đóng (dạng đăng lại)","Nishimatsu Việt Nam Co.,Ltd",M&E Engineer/ Kỹ Sư Cơ Điện,e2043e4a-ac03-4921-ad8e-7e2e4239beac,Junior,Hà Nội,CLOSED,2026-08-30,2026-09-26,,,vietnamworks.com,1,,,0,0,0
203,level,cần xem,x,"cùng tỉnh, KHÁC level; cùng nguồn: vietnamworks.com; 1 tin OPEN, còn lại đã đóng (dạng đăng lại)","Nishimatsu Việt Nam Co.,Ltd",M&E Engineer/ Kỹ Sư Cơ Điện,89547a23-cd98-4893-9c4b-12bc0a80de00,Middle,Hà Nội,OPEN,2026-10-03,2026-10-30,,,vietnamworks.com,1,,,0,0,0
204,level,cần xem,,"cùng tỉnh, KHÁC level; cùng nguồn: vietnamworks.com; 1 tin OPEN, còn lại đã đóng (dạng đăng lại)",One Mount,Quản Lý Đầu Tư BĐS (Kênh Đối Tác Ngân Hàng),6d02b931-584f-43e5-9202-e9a95ed69b50,Junior,Hà Nội,CLOSED,2026-08-28,2026-09-07,60000000,100000000,vietnamworks.com,1,,,0,0,0
204,level,cần xem,x,"cùng tỉnh, KHÁC level; cùng nguồn: vietnamworks.com; 1 tin OPEN, còn lại đã đóng (dạng đăng lại)",One Mount,Quản Lý Đầu Tư BĐS (Kênh Đối Tác Ngân Hàng),681b0d2c-7f26-4c24-9ae1-598098ee8d3f,Senior,Hà Nội,OPEN,2026-09-08,2026-10-07,60000000,100000000,vietnamworks.com,1,,,0,0,0
205,level,cần xem,,"cùng tỉnh, KHÁC level; khác nguồn: careerviet.vn, vietnamworks.com; 2 tin cùng đang OPEN",SAMTEC VIETNAM COMPANY LIMITED,Vision Engineer (R&D Team),6c2681b5-748d-432a-9cf3-d0d520a52851,Senior,Đồng Nai,OPEN,2026-09-28,2026-10-05,,,vietnamworks.com,1,,,0,0,0
205,level,cần xem,x,"cùng tỉnh, KHÁC level; khác nguồn: careerviet.vn, vietnamworks.com; 2 tin cùng đang OPEN",SAMTEC VIETNAM COMPANY LIMITED,Vision Engineer (R&D Team),e406096d-c017-402d-b51e-6e70e59d2ecd,Lead,Đồng Nai,OPEN,2026-09-28,2026-10-30,,,careerviet.vn,1,,,0,0,0
206,level,cần xem,x,"cùng tỉnh, KHÁC level; khác nguồn: topcv.vn, vietnamworks.com; tất cả đã CLOSED",SHINHAN FINANCE,Business Innovation Analytics Supervisor,8f1d47a2-521a-47b8-9fba-5b94df6d425d,Senior,Hồ Chí Minh,CLOSED,2026-08-26,2026-09-15,,,topcv.vn,1,,,0,0,0
206,level,cần xem,,"cùng tỉnh, KHÁC level; khác nguồn: topcv.vn, vietnamworks.com; tất cả đã CLOSED",SHINHAN FINANCE,Business Innovation Analytics Supervisor,e3f0d155-b6f3-42b5-80a9-1e3c6fea5380,Junior,Hồ Chí Minh,CLOSED,2026-09-08,2026-09-09,,,vietnamworks.com,1,,,0,0,0
207,level,cần xem,x,"cùng tỉnh, KHÁC level; khác nguồn: topcv.vn, vietnamworks.com; tất cả đã CLOSED",SHINHAN FINANCE,Customer Data Analytics Officer (Business Intelligence),15922b81-c987-42ef-9c9b-f87491a8af5e,Junior,Hồ Chí Minh,CLOSED,2026-09-01,2026-09-28,,,vietnamworks.com,1,,,0,0,0
207,level,cần xem,,"cùng tỉnh, KHÁC level; khác nguồn: topcv.vn, vietnamworks.com; tất cả đã CLOSED",SHINHAN FINANCE,Customer Data Analytics Officer (Business Intelligence),f42df4a9-0e05-49b7-bcf1-b522875ec6cd,Middle,Hồ Chí Minh,CLOSED,2026-09-08,2026-09-25,,,topcv.vn,1,,,0,0,0
208,level,cần xem,,"cùng tỉnh, KHÁC level; cùng nguồn: vietnamworks.com; 1 tin OPEN, còn lại đã đóng (dạng đăng lại)",Seoul Semiconductor Vina,[ Hot ] Accounting Expert (CFO),ee4ecd4a-dbfd-422d-ad02-a401dfd44e53,Junior,Hà Nội,CLOSED,2026-08-26,2026-09-24,,,vietnamworks.com,1,,,0,0,0
208,level,cần xem,x,"cùng tỉnh, KHÁC level; cùng nguồn: vietnamworks.com; 1 tin OPEN, còn lại đã đóng (dạng đăng lại)",Seoul Semiconductor Vina,[ Hot ] Accounting Expert (CFO),fd79a5fa-f6db-4b8f-8063-9a9661bb2723,Lead,Hà Nội,OPEN,2026-09-28,2026-10-24,,,vietnamworks.com,1,,,0,0,0
209,level,cần xem,,"cùng tỉnh, KHÁC level; cùng nguồn: vietnamworks.com; 1 tin OPEN, còn lại đã đóng (dạng đăng lại)",TMA Solutions,Business Development Executive,98540d3c-59fb-4be3-8c5a-e67273bace44,Junior,Hồ Chí Minh,CLOSED,2026-08-26,2026-09-25,,,vietnamworks.com,1,,,0,0,0
209,level,cần xem,x,"cùng tỉnh, KHÁC level; cùng nguồn: vietnamworks.com; 1 tin OPEN, còn lại đã đóng (dạng đăng lại)",TMA Solutions,Business Development Executive,3ba13fb7-d2e8-4f19-b77d-f6878c63c390,Middle,Hồ Chí Minh,OPEN,2026-09-30,2026-10-30,,,vietnamworks.com,1,,,0,0,0
210,level,cần xem,,"cùng tỉnh, KHÁC level; cùng nguồn: vietnamworks.com; 1 tin OPEN, còn lại đã đóng (dạng đăng lại)","Toshiba Software Development (Vietnam) CO., LTD",AI Engineer - Mức Lương Upto 35 Triệu +++,c5d45644-5065-48d6-b31e-160fd3fa30c6,Junior,Hà Nội,CLOSED,2026-08-26,2026-09-17,,35000000,vietnamworks.com,1,,,0,0,0
210,level,cần xem,x,"cùng tỉnh, KHÁC level; cùng nguồn: vietnamworks.com; 1 tin OPEN, còn lại đã đóng (dạng đăng lại)","Toshiba Software Development (Vietnam) CO., LTD",AI Engineer - Mức Lương Upto 35 Triệu +++,9b5340c0-3bb2-4253-b40b-186373764890,Middle,Hà Nội,OPEN,2026-09-20,2026-10-17,,35000000,vietnamworks.com,1,,,0,0,0
211,level,cần xem,,"cùng tỉnh, KHÁC level; khác nguồn: careerviet.vn, vietnamworks.com; 1 tin OPEN, còn lại đã đóng (dạng đăng lại)",Tập Đoàn Tân Á Đại Thành,Business Intelligence,1886d5b4-c7ef-43fa-8651-06b2d0cb0f2c,Middle,Hà Nội,OPEN,2026-09-20,2026-10-20,,,careerviet.vn,1,,,0,0,0
211,level,cần xem,x,"cùng tỉnh, KHÁC level; khác nguồn: careerviet.vn, vietnamworks.com; 1 tin OPEN, còn lại đã đóng (dạng đăng lại)",Tập Đoàn Tân Á Đại Thành,Business Intelligence,3eea3b5a-d858-47fb-9ce5-6833c5ec76e8,Junior,Hà Nội,CLOSED,2026-09-20,2026-10-15,,,vietnamworks.com,1,x,,0,0,0
212,level,cần xem,,"cùng tỉnh, KHÁC level; cùng nguồn: vietnamworks.com; 1 tin OPEN, còn lại đã đóng (dạng đăng lại)",TỔNG CÔNG TY CỔ PHẦN BƯU CHÍNH VIETTEL,Business Analyst - Nhân Viên Phân Tích Nghiệp Vụ Phần Mềm,36f043ab-a94f-4744-9c52-744685b3416b,Junior,Hà Nội,CLOSED,2026-09-08,2026-09-25,1000,3000,vietnamworks.com,1,,,0,0,0
212,level,cần xem,x,"cùng tỉnh, KHÁC level; cùng nguồn: vietnamworks.com; 1 tin OPEN, còn lại đã đóng (dạng đăng lại)",TỔNG CÔNG TY CỔ PHẦN BƯU CHÍNH VIETTEL,Business Analyst - Nhân Viên Phân Tích Nghiệp Vụ Phần Mềm,5c9b542c-337a-445f-8c6a-00b2e4c12b83,Middle,Hà Nội,OPEN,2026-09-28,2026-10-25,1000,3000,vietnamworks.com,1,,,0,0,0
213,province,thấp,,KHÁC tỉnh; cùng nguồn: topcv.vn; 2 tin cùng đang OPEN,Công ty CP Giải pháp Thanh toán Việt Nam (VNPAY),Data Scientist,76587e86-b8d6-42ad-a675-2ec0cd661de6,Junior,Hồ Chí Minh,OPEN,2026-09-28,2026-10-15,,,topcv.vn,3,,,0,0,0
213,province,thấp,,KHÁC tỉnh; cùng nguồn: topcv.vn; 2 tin cùng đang OPEN,Công ty CP Giải pháp Thanh toán Việt Nam (VNPAY),Data Scientist,729980f2-20af-4e74-93ff-77c2546a2b18,Junior,Hà Nội,CLOSED,2026-09-28,2026-10-15,,,topcv.vn,1,x,,0,0,0
213,province,thấp,,KHÁC tỉnh; cùng nguồn: topcv.vn; 2 tin cùng đang OPEN,Công ty CP Giải pháp Thanh toán Việt Nam (VNPAY),Data Scientist,7bb27b0f-1a65-4982-a237-799e704182c2,Junior,Hà Nội,OPEN,2026-10-03,2026-10-15,,,topcv.vn,1,,,0,0,0
214,province,thấp,,KHÁC tỉnh; cùng nguồn: topcv.vn; 2 tin cùng đang OPEN,Apero Technologies Group,UIUX Designer,f5f467bc-4eea-4631-99c7-f98976f044c4,Junior,Hà Nội,OPEN,2026-09-20,2026-10-18,,,topcv.vn,1,,,0,0,0
214,province,thấp,,KHÁC tỉnh; cùng nguồn: topcv.vn; 2 tin cùng đang OPEN,Apero Technologies Group,UIUX Designer,9d0673fe-d26a-470e-b436-16eaaa861932,Junior,Hồ Chí Minh,OPEN,2026-09-20,2026-10-15,,,topcv.vn,1,,,0,0,0
215,province,thấp,,"KHÁC tỉnh; cùng nguồn: vietnamworks.com; 1 tin OPEN, còn lại đã đóng (dạng đăng lại)",BIDV MetLife,Chuyên Viên Tư Vấn Tài Chính - Kênh Liên Doanh Ngân Hàng BIDV,18ab1981-f522-4dd6-b39b-9ac1ea854996,Junior,Hà Nội,CLOSED,2026-09-28,2026-10-09,400,1000,vietnamworks.com,1,x,,0,0,0
215,province,thấp,,"KHÁC tỉnh; cùng nguồn: vietnamworks.com; 1 tin OPEN, còn lại đã đóng (dạng đăng lại)",BIDV MetLife,Chuyên Viên Tư Vấn Tài Chính - Kênh Liên Doanh Ngân Hàng BIDV,b9fa257e-7b50-4f16-a35e-cb09499b1e1e,Middle,Hồ Chí Minh,OPEN,2026-09-28,2026-10-23,400,1000,vietnamworks.com,1,,,0,0,0
216,province,thấp,,"KHÁC tỉnh; khác nguồn: careerviet.vn, vietnamworks.com; 1 tin OPEN, còn lại đã đóng (dạng đăng lại)",CÔNG TY CỔ PHẦN CHỨNG KHOÁN HD,Head of AI & Data (Data Foundation),ccaaec9d-2abf-426e-88df-6cc08e7d02ef,Manager,Hồ Chí Minh,OPEN,2026-09-20,2026-10-30,,,careerviet.vn,1,,,0,0,0
216,province,thấp,,"KHÁC tỉnh; khác nguồn: careerviet.vn, vietnamworks.com; 1 tin OPEN, còn lại đã đóng (dạng đăng lại)",CÔNG TY CỔ PHẦN CHỨNG KHOÁN HD,Head of AI & Data (Data Foundation),3296f34f-3e82-48ba-ac77-665bca1bfd43,Junior,Hà Nội,CLOSED,2026-09-20,2026-10-17,2000,,vietnamworks.com,1,x,,0,0,0
217,province,thấp,,"KHÁC tỉnh; cùng nguồn: topcv.vn; 1 tin OPEN, còn lại đã đóng (dạng đăng lại)",CÔNG TY CỔ PHẦN CÔNG NGHỆ ALPHAWAY,Business Analyst (Lead),72c65a71-5e5f-4b25-8584-69459351f36c,Lead,Hà Nội,CLOSED,2026-09-08,2026-10-03,22000000,35000000,topcv.vn,1,,,0,0,0
217,province,thấp,,"KHÁC tỉnh; cùng nguồn: topcv.vn; 1 tin OPEN, còn lại đã đóng (dạng đăng lại)",CÔNG TY CỔ PHẦN CÔNG NGHỆ ALPHAWAY,Business Analyst (Lead),a6e8ac2d-5c6a-4019-9f93-4fa63d31adf1,Lead,Hồ Chí Minh,OPEN,2026-09-28,2026-10-21,30000000,41000000,topcv.vn,1,,,0,0,0
218,province,thấp,,"KHÁC tỉnh; cùng nguồn: topcv.vn; 1 tin OPEN, còn lại đã đóng (dạng đăng lại)",CÔNG TY CỔ PHẦN CÔNG NGHỆ ALPHAWAY,Business Analyst Lead,6355a9da-dc85-4e6b-90e7-027ef4b9f4f7,Lead,Hồ Chí Minh,OPEN,2026-09-08,2026-10-07,25000000,39000000,topcv.vn,1,,,0,0,0
218,province,thấp,,"KHÁC tỉnh; cùng nguồn: topcv.vn; 1 tin OPEN, còn lại đã đóng (dạng đăng lại)",CÔNG TY CỔ PHẦN CÔNG NGHỆ ALPHAWAY,Business Analyst Lead,70b3c193-1c56-4035-906b-c2e05a1dafa4,Lead,Hà Nội,CLOSED,2026-09-08,2026-09-11,,,topcv.vn,1,x,,0,0,0
219,province,thấp,,KHÁC tỉnh; cùng nguồn: topcv.vn; tất cả đã CLOSED,CÔNG TY CỔ PHẦN CÔNG NGHỆ ALPHAWAY,Data Engineer Leader,f6e22953-b7d4-49c9-8bc1-78a87c9c7ebd,Lead,Hà Nội,CLOSED,2026-08-26,2026-09-26,,,topcv.vn,1,x,,0,0,0
219,province,thấp,,KHÁC tỉnh; cùng nguồn: topcv.vn; tất cả đã CLOSED,CÔNG TY CỔ PHẦN CÔNG NGHỆ ALPHAWAY,Data Engineer Leader,166b896e-0424-4974-9827-d9f9ac1308e1,Lead,Hồ Chí Minh,CLOSED,2026-08-26,2026-09-26,,,topcv.vn,1,,,0,0,0
220,province,thấp,,"KHÁC tỉnh; cùng nguồn: topcv.vn; 1 tin OPEN, còn lại đã đóng (dạng đăng lại)",CÔNG TY CỔ PHẦN CÔNG NGHỆ ALPHAWAY,Java Developer Lead,3c6526f9-2c85-4681-a1b8-361eb337dfd6,Lead,Hồ Chí Minh,OPEN,2026-09-28,2026-10-24,,,topcv.vn,1,,,0,0,0
220,province,thấp,,"KHÁC tỉnh; cùng nguồn: topcv.vn; 1 tin OPEN, còn lại đã đóng (dạng đăng lại)",CÔNG TY CỔ PHẦN CÔNG NGHỆ ALPHAWAY,Java Developer Lead,1f30e069-5241-4cde-9c5d-157f5ffe4c47,Lead,Hà Nội,CLOSED,2026-09-28,2026-10-04,,,topcv.vn,1,,,0,0,0
221,province,thấp,,"KHÁC tỉnh; cùng nguồn: vietnamworks.com; 1 tin OPEN, còn lại đã đóng (dạng đăng lại)",Ngân hàng Lộc Phát Việt Nam LPBank,Phó Phòng Dữ Liệu Và Phân Tích [Hà Nội],9e750798-5795-4e88-b52f-d3d45d235767,Lead,Khác,CLOSED,2026-09-08,2026-09-14,,,vietnamworks.com,1,,,0,0,0
221,province,thấp,,"KHÁC tỉnh; cùng nguồn: vietnamworks.com; 1 tin OPEN, còn lại đã đóng (dạng đăng lại)",Ngân hàng Lộc Phát Việt Nam LPBank,Phó Phòng Dữ Liệu Và Phân Tích [Hà Nội],8417fb7c-1f26-463a-b858-939f8887f71d,Lead,Hà Nội,OPEN,2026-09-20,2026-10-14,,,vietnamworks.com,1,,,0,0,0
222,province,thấp,,KHÁC tỉnh; cùng nguồn: topcv.vn; 2 tin cùng đang OPEN,Viettel Software,Trưởng Nhóm Business Analyst,9725f645-b7fb-4c46-a2ef-7f84bc54c20d,Lead,Hồ Chí Minh,OPEN,2026-09-08,2026-10-07,,,topcv.vn,1,,,0,0,0
222,province,thấp,,KHÁC tỉnh; cùng nguồn: topcv.vn; 2 tin cùng đang OPEN,Viettel Software,Trưởng Nhóm Business Analyst,51fcd6b1-de20-4e82-9078-03cd39d02698,Lead,Hà Nội,OPEN,2026-09-20,2026-11-15,30000000,45000000,topcv.vn,1,,,0,0,0
